-- Seed data for art_collection (~500+ rows)
START TRANSACTION;

-- artists
INSERT INTO artists (artist_id, full_name, nationality, birth_date, death_date, biography) VALUES (1, 'Michael Thomas', 'Danish', '1966-12-25', NULL, 'Have recognize benefit out participant method office person water though week hour around blue.');
INSERT INTO artists (artist_id, full_name, nationality, birth_date, death_date, biography) VALUES (2, 'Christian Martin', 'Swedish', '1977-11-23', NULL, 'Campaign hit within evening consider as often cost article close every baby perhaps write.');
INSERT INTO artists (artist_id, full_name, nationality, birth_date, death_date, biography) VALUES (3, 'Martha Santos', 'Swedish', '1993-10-01', NULL, 'Behind performance skin together former more red coach.');
INSERT INTO artists (artist_id, full_name, nationality, birth_date, death_date, biography) VALUES (4, 'Priscilla Williams', 'British', '1977-10-28', NULL, 'Environmental rock public audience year production father tonight rock gun its list increase similar group population.');
INSERT INTO artists (artist_id, full_name, nationality, birth_date, death_date, biography) VALUES (5, 'Monique Andrews', 'French', '1980-03-02', NULL, 'Board movement kitchen also able tough with buy same writer tough.');
INSERT INTO artists (artist_id, full_name, nationality, birth_date, death_date, biography) VALUES (6, 'Gail Love', 'Italian', '1978-03-04', NULL, 'Else senior lead future wear beautiful almost response suggest public create very idea organization.');
INSERT INTO artists (artist_id, full_name, nationality, birth_date, death_date, biography) VALUES (7, 'Robert Sanders', 'Swedish', '1946-07-20', NULL, 'Control concern still relationship whole prove where.');
INSERT INTO artists (artist_id, full_name, nationality, birth_date, death_date, biography) VALUES (8, 'Cole Robinson', 'Pakistani', '1953-07-03', '1994-03-02', 'State home art may benefit agency team suggest thousand mean measure born generation.');
INSERT INTO artists (artist_id, full_name, nationality, birth_date, death_date, biography) VALUES (9, 'Jerry Myers', 'Spanish', '1967-05-03', NULL, 'Accept recognize buy performance cut interesting address heavy foreign end.');
INSERT INTO artists (artist_id, full_name, nationality, birth_date, death_date, biography) VALUES (10, 'Kenneth Schwartz', 'Italian', '1937-02-28', NULL, 'Door before long very student some loss fund floor act.');
INSERT INTO artists (artist_id, full_name, nationality, birth_date, death_date, biography) VALUES (11, 'Wesley Hernandez', 'American', '1972-06-17', NULL, 'Protect federal lose know treatment sell nature suddenly particular rich million offer degree us police.');
INSERT INTO artists (artist_id, full_name, nationality, birth_date, death_date, biography) VALUES (12, 'Lisa Johnson', 'Swedish', '1951-03-28', '2001-01-19', 'Sometimes point because show present could culture soldier.');
INSERT INTO artists (artist_id, full_name, nationality, birth_date, death_date, biography) VALUES (13, 'Amy Jackson', 'Pakistani', '1977-12-06', NULL, 'Information ask learn really material boy focus four beyond hold wrong force structure decision.');
INSERT INTO artists (artist_id, full_name, nationality, birth_date, death_date, biography) VALUES (14, 'Catherine Turner', 'Italian', '2000-11-04', NULL, 'Dream order money any consider though small degree condition voice open respond trade.');
INSERT INTO artists (artist_id, full_name, nationality, birth_date, death_date, biography) VALUES (15, 'Jonathan Mcintyre', 'German', '1985-01-16', NULL, 'Year strategy black second guy billion job may worry.');
INSERT INTO artists (artist_id, full_name, nationality, birth_date, death_date, biography) VALUES (16, 'Kenneth Holmes', 'British', '1940-06-05', NULL, 'Heavy keep learn likely possible blood push.');
INSERT INTO artists (artist_id, full_name, nationality, birth_date, death_date, biography) VALUES (17, 'Dr. Dustin Estrada', 'American', '1949-10-26', NULL, 'Large because push international challenge control according enter TV become.');
INSERT INTO artists (artist_id, full_name, nationality, birth_date, death_date, biography) VALUES (18, 'Erica Johnson', 'Norwegian', '1984-08-19', NULL, 'Day talk increase arrive play bar thus up pass each simple always.');
INSERT INTO artists (artist_id, full_name, nationality, birth_date, death_date, biography) VALUES (19, 'Eric Jones', 'Danish', '1943-02-05', NULL, 'Property space price difference everything part social personal fly son improve physical sure professional.');
INSERT INTO artists (artist_id, full_name, nationality, birth_date, death_date, biography) VALUES (20, 'Kevin Harris', 'German', '1945-12-18', NULL, 'Player treat station mission standard key tough condition test away back bit after.');
INSERT INTO artists (artist_id, full_name, nationality, birth_date, death_date, biography) VALUES (21, 'Tracy Rios', 'Swedish', '1973-07-03', NULL, 'House many wish drop hand hot can trial out pretty thank also ask save bill.');
INSERT INTO artists (artist_id, full_name, nationality, birth_date, death_date, biography) VALUES (22, 'Jessica Hicks', 'Italian', '1956-11-13', NULL, 'Ground those fly executive international age rich.');
INSERT INTO artists (artist_id, full_name, nationality, birth_date, death_date, biography) VALUES (23, 'Lonnie Brown', 'British', '1981-05-20', NULL, 'Even suddenly much agent late allow vote huge site senior ball analysis science.');
INSERT INTO artists (artist_id, full_name, nationality, birth_date, death_date, biography) VALUES (24, 'Jennifer Ward', 'German', '1980-06-02', NULL, 'Executive body ground whether time know item community provide return election personal bill fire.');
INSERT INTO artists (artist_id, full_name, nationality, birth_date, death_date, biography) VALUES (25, 'Robert Montgomery', 'Spanish', '1954-12-24', NULL, 'Relationship senior total run since produce structure sit teach along place address fact second teach.');
INSERT INTO artists (artist_id, full_name, nationality, birth_date, death_date, biography) VALUES (26, 'Brittney George', 'American', '1959-05-08', NULL, 'Turn often establish plan news field right across worry them art represent candidate.');
INSERT INTO artists (artist_id, full_name, nationality, birth_date, death_date, biography) VALUES (27, 'Jodi Reese MD', 'Irish', '1979-07-08', '2019-02-01', 'Agreement sometimes entire common kid maybe animal cold high name.');
INSERT INTO artists (artist_id, full_name, nationality, birth_date, death_date, biography) VALUES (28, 'Brandy Short', 'Danish', '1999-10-28', NULL, 'Send attorney pattern purpose star prove loss attack body camera indeed girl.');
INSERT INTO artists (artist_id, full_name, nationality, birth_date, death_date, biography) VALUES (29, 'Chris Chaney', 'Norwegian', '1994-02-19', NULL, 'Recognize write operation son weight wife give study recently affect standard today to front risk still.');
INSERT INTO artists (artist_id, full_name, nationality, birth_date, death_date, biography) VALUES (30, 'Mark James', 'Irish', '1946-08-25', NULL, 'Model drop into onto heavy foreign picture five maintain base five.');
INSERT INTO artists (artist_id, full_name, nationality, birth_date, death_date, biography) VALUES (31, 'John Murphy', 'Irish', '1930-02-23', NULL, 'American face force executive hope system scientist first take allow human buy.');
INSERT INTO artists (artist_id, full_name, nationality, birth_date, death_date, biography) VALUES (32, 'Tiffany Ho', 'British', '1983-04-13', NULL, 'Interview give worker eat son space laugh six force total second perhaps style push tend.');
INSERT INTO artists (artist_id, full_name, nationality, birth_date, death_date, biography) VALUES (33, 'James Landry', 'Danish', '1953-07-04', NULL, 'Whom drop training partner light thing series positive through debate himself culture lay.');
INSERT INTO artists (artist_id, full_name, nationality, birth_date, death_date, biography) VALUES (34, 'Carla Davenport', 'Pakistani', '1998-03-18', NULL, 'Mention beautiful go seat ago drop admit for foot look computer national bring smile strong including.');
INSERT INTO artists (artist_id, full_name, nationality, birth_date, death_date, biography) VALUES (35, 'Mary Hansen', 'Irish', '1955-04-02', '2010-12-09', 'Establish sort form effort toward room test officer rise most part big yourself.');
INSERT INTO artists (artist_id, full_name, nationality, birth_date, death_date, biography) VALUES (36, 'Terry Fowler', 'American', '1939-08-23', NULL, 'Movement leg kind owner add not race necessary ability nothing true range.');
INSERT INTO artists (artist_id, full_name, nationality, birth_date, death_date, biography) VALUES (37, 'Jamie Robinson', 'German', '1958-01-24', NULL, 'Matter chance treatment keep describe compare next whom week compare trouble enough very finally.');
INSERT INTO artists (artist_id, full_name, nationality, birth_date, death_date, biography) VALUES (38, 'Jacob Bell', 'American', '1949-05-19', NULL, 'Ability fear be wonder one enough administration their school.');
INSERT INTO artists (artist_id, full_name, nationality, birth_date, death_date, biography) VALUES (39, 'Tracy Barrera', 'Pakistani', '1991-08-10', NULL, 'Throw fund parent win crime enough from evidence many.');
INSERT INTO artists (artist_id, full_name, nationality, birth_date, death_date, biography) VALUES (40, 'Robert Bolton', 'Norwegian', '1992-09-20', NULL, 'Every stage risk part almost finally late investment position bit.');
INSERT INTO artists (artist_id, full_name, nationality, birth_date, death_date, biography) VALUES (41, 'Eugene Huynh', 'French', '1996-10-03', NULL, 'Identify street or seat program size same source hope company.');
INSERT INTO artists (artist_id, full_name, nationality, birth_date, death_date, biography) VALUES (42, 'Robert Wilson', 'American', '1949-10-24', '1995-11-23', 'Or lead send what TV throughout center.');
INSERT INTO artists (artist_id, full_name, nationality, birth_date, death_date, biography) VALUES (43, 'Emily Bennett', 'Italian', '1959-04-07', NULL, 'Figure simply dinner strong practice well ever.');
INSERT INTO artists (artist_id, full_name, nationality, birth_date, death_date, biography) VALUES (44, 'Paula Williams', 'Norwegian', '1937-05-06', NULL, 'Like action country protect deep laugh near civil suddenly may report.');
INSERT INTO artists (artist_id, full_name, nationality, birth_date, death_date, biography) VALUES (45, 'James Woods', 'Swedish', '1983-05-03', NULL, 'Word truth fear card development goal lose itself parent result action can just matter second seem.');
INSERT INTO artists (artist_id, full_name, nationality, birth_date, death_date, biography) VALUES (46, 'Martin Phillips', 'Swedish', '1964-08-05', '2014-06-11', 'Main pretty return old industry sport operation between common market throw physical detail bad theory.');
INSERT INTO artists (artist_id, full_name, nationality, birth_date, death_date, biography) VALUES (47, 'Shawn Maldonado', 'German', '1942-07-23', NULL, 'Represent today magazine hour site modern color rich.');
INSERT INTO artists (artist_id, full_name, nationality, birth_date, death_date, biography) VALUES (48, 'Sara Williams', 'German', '1969-04-08', NULL, 'Central happen money seem us stuff own resource.');
INSERT INTO artists (artist_id, full_name, nationality, birth_date, death_date, biography) VALUES (49, 'Teresa Garrett', 'Spanish', '1977-05-14', NULL, 'Study term movement notice who fact future yet.');
INSERT INTO artists (artist_id, full_name, nationality, birth_date, death_date, biography) VALUES (50, 'Linda Gray', 'British', '1967-09-21', '2009-05-05', 'Admit theory build clearly open month learn.');
INSERT INTO artists (artist_id, full_name, nationality, birth_date, death_date, biography) VALUES (51, 'David Clarke', 'Spanish', '1957-03-06', NULL, 'Agree natural claim explain consider million foot beat.');
INSERT INTO artists (artist_id, full_name, nationality, birth_date, death_date, biography) VALUES (52, 'Sarah Payne', 'American', '1994-12-23', NULL, 'Player physical professor down heavy you general life or human trip I human everyone best.');
INSERT INTO artists (artist_id, full_name, nationality, birth_date, death_date, biography) VALUES (53, 'John Williams', 'Pakistani', '1993-07-17', NULL, 'Feel general alone write success night last alone name future space church explain sense.');
INSERT INTO artists (artist_id, full_name, nationality, birth_date, death_date, biography) VALUES (54, 'Kimberly Murphy DDS', 'Pakistani', '1943-12-17', NULL, 'Ahead cup candidate offer style friend star address become Democrat stuff parent article red then know.');
INSERT INTO artists (artist_id, full_name, nationality, birth_date, death_date, biography) VALUES (55, 'Dr. Corey Ramirez', 'Italian', '1985-05-17', NULL, 'Effect seven back data key mind expert bank.');
INSERT INTO artists (artist_id, full_name, nationality, birth_date, death_date, biography) VALUES (56, 'Ryan Evans', 'Pakistani', '1942-03-19', NULL, 'Institution challenge material official fund bed personal now candidate safe especially wonder.');
INSERT INTO artists (artist_id, full_name, nationality, birth_date, death_date, biography) VALUES (57, 'David Harrell', 'French', '1936-07-19', NULL, 'Certain clear help majority they floor whatever in born few we make cost by save.');
INSERT INTO artists (artist_id, full_name, nationality, birth_date, death_date, biography) VALUES (58, 'David Brooks', 'Swedish', '1990-09-21', NULL, 'Have individual care space each democratic small.');
INSERT INTO artists (artist_id, full_name, nationality, birth_date, death_date, biography) VALUES (59, 'Marc Boyd', 'Danish', '1992-08-27', NULL, 'Impact employee for end raise look throughout agent film wife discover music better everybody.');
INSERT INTO artists (artist_id, full_name, nationality, birth_date, death_date, biography) VALUES (60, 'Dawn Martinez', 'Italian', '1956-08-23', '2017-09-14', 'School three hair many same second still ball quality side.');
INSERT INTO artists (artist_id, full_name, nationality, birth_date, death_date, biography) VALUES (61, 'Linda Parker', 'Swedish', '1948-03-12', '2004-06-02', 'West expert should value because center accept whether thus there hospital strong.');
INSERT INTO artists (artist_id, full_name, nationality, birth_date, death_date, biography) VALUES (62, 'Kathleen Benson', 'Italian', '1971-03-01', NULL, 'Shake cell expect guy different former his sister what.');
INSERT INTO artists (artist_id, full_name, nationality, birth_date, death_date, biography) VALUES (63, 'Michael Gonzalez', 'Irish', '1971-02-14', NULL, 'Program season forget anything practice after trade woman soon.');
INSERT INTO artists (artist_id, full_name, nationality, birth_date, death_date, biography) VALUES (64, 'Brandon Marquez', 'Danish', '1940-04-04', NULL, 'Record lot final particularly go choice likely next quite really five live see.');
INSERT INTO artists (artist_id, full_name, nationality, birth_date, death_date, biography) VALUES (65, 'Michelle Wagner', 'British', '1957-04-02', NULL, 'Strategy unit treatment record middle without increase.');
INSERT INTO artists (artist_id, full_name, nationality, birth_date, death_date, biography) VALUES (66, 'Stacey Bell', 'Danish', '1944-02-10', '2016-11-28', 'Thought way right billion staff task amount save serious ground everybody activity traditional.');
INSERT INTO artists (artist_id, full_name, nationality, birth_date, death_date, biography) VALUES (67, 'Phillip White', 'American', '1958-05-09', NULL, 'Executive north effort home play close film hold home hope.');
INSERT INTO artists (artist_id, full_name, nationality, birth_date, death_date, biography) VALUES (68, 'Bryan Mcgee', 'Spanish', '1951-11-23', NULL, 'Daughter area wide specific plant story such forget evening collection of seven cause usually.');
INSERT INTO artists (artist_id, full_name, nationality, birth_date, death_date, biography) VALUES (69, 'George Daniels', 'British', '1982-11-23', NULL, 'Leg be tend product fire science official bank center as provide employee south vote modern.');
INSERT INTO artists (artist_id, full_name, nationality, birth_date, death_date, biography) VALUES (70, 'Dustin Gray', 'American', '1972-08-12', NULL, 'Purpose other political another fire hard much window goal wide federal learn sign town step think.');
INSERT INTO artists (artist_id, full_name, nationality, birth_date, death_date, biography) VALUES (71, 'Scott Johnson', 'Irish', '1986-07-21', NULL, 'Support create sea often break rule send cost can staff process strategy.');
INSERT INTO artists (artist_id, full_name, nationality, birth_date, death_date, biography) VALUES (72, 'Jeremy Lambert', 'Swedish', '1932-09-27', NULL, 'Will affect talk difficult pressure fire market southern chair my central perhaps year.');
INSERT INTO artists (artist_id, full_name, nationality, birth_date, death_date, biography) VALUES (73, 'Brett Taylor', 'Swedish', '1934-10-06', NULL, 'Modern probably president property three mother them camera book appear no him.');
INSERT INTO artists (artist_id, full_name, nationality, birth_date, death_date, biography) VALUES (74, 'William Moran', 'Italian', '1939-08-03', NULL, 'College affect better sit consumer difference save.');
INSERT INTO artists (artist_id, full_name, nationality, birth_date, death_date, biography) VALUES (75, 'Gregory Rojas', 'Italian', '1932-11-27', NULL, 'Structure trouble need create sure certainly moment rich Mr quality police opportunity.');
INSERT INTO artists (artist_id, full_name, nationality, birth_date, death_date, biography) VALUES (76, 'Gene Farrell', 'American', '1994-09-13', NULL, 'Kind account Republican option reach over protect town place increase quality difficult.');
INSERT INTO artists (artist_id, full_name, nationality, birth_date, death_date, biography) VALUES (77, 'Nichole Ortiz', 'Danish', '1960-06-12', '2002-03-01', 'Religious short why likely attack image listen star black expert.');
INSERT INTO artists (artist_id, full_name, nationality, birth_date, death_date, biography) VALUES (78, 'Jessica Watkins', 'Norwegian', '1939-11-04', NULL, 'Vote while effect soldier entire worker brother eight lose walk parent find at suddenly behind.');
INSERT INTO artists (artist_id, full_name, nationality, birth_date, death_date, biography) VALUES (79, 'Christine Harrison', 'Danish', '1938-04-24', NULL, 'On half step free various each industry site team face recent heart feel.');
INSERT INTO artists (artist_id, full_name, nationality, birth_date, death_date, biography) VALUES (80, 'Paula Anderson', 'Norwegian', '1985-09-01', NULL, 'Help before year human level experience cut far range cost challenge.');

-- owners
INSERT INTO owners (owner_id, name, owner_type, contact_email, phone, address) VALUES (1, 'Mcmillan, Guerra and Wilson Foundation', 'Institution', 'lbates@gmail.com', '(567)876-3486x2146', '587 Mcintyre Square, Kathleenmouth, MI 26102');
INSERT INTO owners (owner_id, name, owner_type, contact_email, phone, address) VALUES (2, 'Nicole Miller', 'Person', 'danieljohnson@yahoo.com', '001-436-737-0177', '16344 Chad Corners, North Matthewfurt, MD 59097');
INSERT INTO owners (owner_id, name, owner_type, contact_email, phone, address) VALUES (3, 'Clark, Boone and Mcguire Institute', 'Institution', 'holdenpaula@braun.com', '596.824.9723x7989', 'Unit 4705 Box 7860, DPO AE 45626');
INSERT INTO owners (owner_id, name, owner_type, contact_email, phone, address) VALUES (4, 'Tiffany Herrera', 'Person', 'halejamie@hotmail.com', '001-844-174-5247', '0018 Kristin Walks, Diazhaven, OK 66564');
INSERT INTO owners (owner_id, name, owner_type, contact_email, phone, address) VALUES (5, 'Robinson PLC Museum', 'Institution', 'ismith@clark.biz', '001-459-225-4202x635', '13027 Kathy Streets, West Bradley, TN 31681');
INSERT INTO owners (owner_id, name, owner_type, contact_email, phone, address) VALUES (6, 'Michael Hernandez', 'Person', 'ronaldfisher@macdonald.com', '001-778-394-6986', '8316 Grant Station Apt. 586, Lake Michaelfort, SD 33258');
INSERT INTO owners (owner_id, name, owner_type, contact_email, phone, address) VALUES (7, 'David Washington', 'Person', 'robertreynolds@haynes-lee.info', '001-158-097-0978x24342', '46562 Tina Shoal, Lake William, AL 01898');
INSERT INTO owners (owner_id, name, owner_type, contact_email, phone, address) VALUES (8, 'Sherry Kim', 'Person', 'sharpwilliam@gmail.com', '001-296-152-1692x37965', '5835 Shelby Neck, Margaretshire, GA 10816');
INSERT INTO owners (owner_id, name, owner_type, contact_email, phone, address) VALUES (9, 'Bryan Waters', 'Person', 'julie29@chapman-phillips.com', '+1-350-354-1909x265', '173 Joseph Estate Suite 899, Grantmouth, MD 07839');
INSERT INTO owners (owner_id, name, owner_type, contact_email, phone, address) VALUES (10, 'Wagner, Smith and Kidd Institute', 'Institution', 'nmedina@joseph.com', '214.568.6960x4870', '32785 Tina Mill Apt. 212, Vanessamouth, WV 21076');
INSERT INTO owners (owner_id, name, owner_type, contact_email, phone, address) VALUES (11, 'Donna Alvarado', 'Person', 'lopezanthony@hotmail.com', '279-861-2878x66153', 'USNS Knight, FPO AA 45553');
INSERT INTO owners (owner_id, name, owner_type, contact_email, phone, address) VALUES (12, 'Keith Jordan', 'Person', 'richardsangela@hotmail.com', '525.544.0414x79610', '139 Carolyn Prairie, New Zacharyland, WV 64079');
INSERT INTO owners (owner_id, name, owner_type, contact_email, phone, address) VALUES (13, 'Lauren Harding', 'Person', 'jamierosales@kelley-cox.com', '001-994-057-9551x522', 'Unit 2580 Box 4737, DPO AP 84486');
INSERT INTO owners (owner_id, name, owner_type, contact_email, phone, address) VALUES (14, 'Samuel Lopez', 'Person', 'adamsjacob@atkins.com', '6646587945', '422 Fuller Groves Suite 881, Lindsaychester, KS 77471');
INSERT INTO owners (owner_id, name, owner_type, contact_email, phone, address) VALUES (15, 'Patterson Inc Foundation', 'Institution', 'bbishop@yahoo.com', '5523474444', '756 Miller Extension Apt. 945, Brownmouth, LA 16109');
INSERT INTO owners (owner_id, name, owner_type, contact_email, phone, address) VALUES (16, 'White Ltd Foundation', 'Institution', 'halldakota@gmail.com', '+1-752-865-9074x318', '41722 Christopher Extensions Suite 518, New David, KS 02385');
INSERT INTO owners (owner_id, name, owner_type, contact_email, phone, address) VALUES (17, 'Stephanie Garza', 'Person', 'bjones@yahoo.com', '846-613-4464x161', '3718 Nichols Underpass, Danielsville, VA 48068');
INSERT INTO owners (owner_id, name, owner_type, contact_email, phone, address) VALUES (18, 'Angel Charles DDS', 'Person', 'martinlisa@patton.com', '(686)185-4692x2726', '4220 Christopher Inlet Apt. 257, Jameschester, OR 17210');
INSERT INTO owners (owner_id, name, owner_type, contact_email, phone, address) VALUES (19, 'Delgado Ltd Institute', 'Institution', 'jonathanhammond@thompson.com', '983.590.4650x2239', '7795 Smith Parkways, Matthewfort, NJ 25284');
INSERT INTO owners (owner_id, name, owner_type, contact_email, phone, address) VALUES (20, 'Jessica West', 'Person', 'lhernandez@smith.com', '+1-852-727-1592x74828', '554 Mary Prairie, East Tonyaview, MT 82705');
INSERT INTO owners (owner_id, name, owner_type, contact_email, phone, address) VALUES (21, 'Lori Robinson', 'Person', 'jonathan94@hotmail.com', '3879105794', '4871 Coleman Trace, Garciaside, MI 42160');
INSERT INTO owners (owner_id, name, owner_type, contact_email, phone, address) VALUES (22, 'Jackson, Davis and Lee Foundation', 'Institution', 'johnbradshaw@hotmail.com', '001-031-954-3230x857', '4646 Dawson Views Apt. 822, Kirkmouth, MN 88129');
INSERT INTO owners (owner_id, name, owner_type, contact_email, phone, address) VALUES (23, 'Zimmerman and Sons Trust', 'Institution', 'imoore@smith.com', '(638)638-5400x07623', '8658 Carrillo Road Suite 889, Elliottbury, MA 49469');
INSERT INTO owners (owner_id, name, owner_type, contact_email, phone, address) VALUES (24, 'Adrian Hooper', 'Person', 'cynthia35@ward-heath.biz', '756-429-6461x902', '84609 Dana Centers Suite 914, Lake Bruce, NH 28587');
INSERT INTO owners (owner_id, name, owner_type, contact_email, phone, address) VALUES (25, 'Mcgee and Sons Museum', 'Institution', 'russellhill@hotmail.com', '+1-897-655-2062x8043', '127 Tyler Valley, Shelleystad, WY 56269');
INSERT INTO owners (owner_id, name, owner_type, contact_email, phone, address) VALUES (26, 'Kimberly Walker', 'Person', 'douglasconley@yahoo.com', '604.250.8543x87461', 'PSC 2761, Box 2182, APO AE 09459');
INSERT INTO owners (owner_id, name, owner_type, contact_email, phone, address) VALUES (27, 'Richard Collins', 'Person', 'chandlermichael@greene-turner.com', '(890)539-0235', '92775 Jared Manor, Brittanyville, NV 33578');
INSERT INTO owners (owner_id, name, owner_type, contact_email, phone, address) VALUES (28, 'Stephen Davis', 'Person', 'richard80@hotmail.com', '685-146-0260x1638', '090 Christopher Drives, East Kathleenview, RI 21269');
INSERT INTO owners (owner_id, name, owner_type, contact_email, phone, address) VALUES (29, 'Schmidt-Perez Art Center', 'Institution', 'kathleen83@vazquez-kelley.info', '907-126-7517', 'Unit 4291 Box 5095, DPO AA 47961');
INSERT INTO owners (owner_id, name, owner_type, contact_email, phone, address) VALUES (30, 'Joann Turner', 'Person', 'velazquezcourtney@hotmail.com', '+1-671-396-3522', '78930 Mccoy Trail, Lake Kevin, CT 90105');
INSERT INTO owners (owner_id, name, owner_type, contact_email, phone, address) VALUES (31, 'Carla Mason', 'Person', 'sharon99@shah-webb.com', '(784)603-6432', '70512 David Mills Suite 619, East Markhaven, PA 09572');
INSERT INTO owners (owner_id, name, owner_type, contact_email, phone, address) VALUES (32, 'Michael Morgan', 'Person', 'pattontyler@valdez-henry.org', '+1-949-204-4197x645', '37104 Mitchell Lights Apt. 215, Lake Bailey, CT 45102');
INSERT INTO owners (owner_id, name, owner_type, contact_email, phone, address) VALUES (33, 'Chang PLC Foundation', 'Institution', 'cindy65@brown.net', '927-555-8169', '549 Lowery Meadow Suite 308, West Stevenhaven, UT 56849');
INSERT INTO owners (owner_id, name, owner_type, contact_email, phone, address) VALUES (34, 'Mary Welch', 'Person', 'wleon@bishop.com', '868-460-3748x1410', '432 Jennifer Shores, Williamschester, WA 91400');
INSERT INTO owners (owner_id, name, owner_type, contact_email, phone, address) VALUES (35, 'Campbell PLC Institute', 'Institution', 'moorejasmine@gmail.com', '715.773.8961x56247', '3879 James Stravenue Apt. 959, Debraview, KS 14609');
INSERT INTO owners (owner_id, name, owner_type, contact_email, phone, address) VALUES (36, 'Ray-Finley Art Center', 'Institution', 'valerie39@rodgers.com', '+1-644-436-0281x978', 'Unit 7931 Box 2884, DPO AE 24718');
INSERT INTO owners (owner_id, name, owner_type, contact_email, phone, address) VALUES (37, 'Mr. Anthony White', 'Person', 'kdurham@vazquez-smith.com', '(503)894-3078x997', '2429 Nicholas Mountain Apt. 736, Jenniferton, AR 32326');
INSERT INTO owners (owner_id, name, owner_type, contact_email, phone, address) VALUES (38, 'Arnold-Davis Trust', 'Institution', 'orandolph@gmail.com', '001-142-827-8360x9942', '54144 Kelly Circle Suite 380, East Sarah, MD 42145');
INSERT INTO owners (owner_id, name, owner_type, contact_email, phone, address) VALUES (39, 'Gray Group Art Center', 'Institution', 'tkane@yahoo.com', '1654251557', '835 Jones Pike Suite 217, Warrenbury, MO 45099');
INSERT INTO owners (owner_id, name, owner_type, contact_email, phone, address) VALUES (40, 'Taylor Group Trust', 'Institution', 'logan44@yahoo.com', '1690492758', 'PSC 7170, Box 9642, APO AP 18191');
INSERT INTO owners (owner_id, name, owner_type, contact_email, phone, address) VALUES (41, 'Perry-Case Museum', 'Institution', 'edwardthompson@hotmail.com', '249.274.3089', '958 Emily Fort Suite 422, Samanthafort, MS 67861');
INSERT INTO owners (owner_id, name, owner_type, contact_email, phone, address) VALUES (42, 'Jessica Miranda', 'Person', 'kara48@hotmail.com', '001-687-079-5335x46630', '224 John Camp Apt. 357, Port Sydney, IN 71508');
INSERT INTO owners (owner_id, name, owner_type, contact_email, phone, address) VALUES (43, 'Huang-Ingram Gallery', 'Institution', 'rojasjoshua@bowen.biz', '001-286-160-8281x5848', '497 Jonathan Way, West Richardview, CA 28108');
INSERT INTO owners (owner_id, name, owner_type, contact_email, phone, address) VALUES (44, 'Tyler Peters', 'Person', 'contrerasrita@miller-cohen.com', '112-323-6031x3103', '66799 Angela Glen Suite 209, New Kevinbury, WA 54455');
INSERT INTO owners (owner_id, name, owner_type, contact_email, phone, address) VALUES (45, 'Thomas, Harris and Stevens Institute', 'Institution', 'danielbanks@gmail.com', '427-343-2582x9835', '427 Samuel Manors Suite 591, Erikmouth, KY 93125');
INSERT INTO owners (owner_id, name, owner_type, contact_email, phone, address) VALUES (46, 'Miller-Jones Gallery', 'Institution', 'andrewharrison@wilson-rivas.com', '436.594.8525', '204 Raymond Landing Suite 182, New Donna, NJ 30769');
INSERT INTO owners (owner_id, name, owner_type, contact_email, phone, address) VALUES (47, 'Ward, Scott and Cunningham Institute', 'Institution', 'smithrebecca@moore.net', '+1-547-827-5816', '986 Benson Cape, South Jamesborough, MO 17744');
INSERT INTO owners (owner_id, name, owner_type, contact_email, phone, address) VALUES (48, 'Charles Taylor', 'Person', 'brandon16@patterson.com', '(950)078-5049', '0581 Garza Crest, Alexisland, SD 21517');
INSERT INTO owners (owner_id, name, owner_type, contact_email, phone, address) VALUES (49, 'Justin Peterson', 'Person', 'tracymorse@wolf.info', '751-234-8915', '701 Hunt Union, Stacyhaven, NJ 20835');
INSERT INTO owners (owner_id, name, owner_type, contact_email, phone, address) VALUES (50, 'Donald Peterson', 'Person', 'zachary79@jones.org', '475.423.5538x41336', '0270 Alyssa Way Apt. 918, North Christopherstad, MO 13050');
INSERT INTO owners (owner_id, name, owner_type, contact_email, phone, address) VALUES (51, 'Perez LLC Gallery', 'Institution', 'meganrivera@hotmail.com', '(663)539-9631', '67439 Allen Grove Apt. 649, East Tiffany, DE 49970');
INSERT INTO owners (owner_id, name, owner_type, contact_email, phone, address) VALUES (52, 'Thompson PLC Foundation', 'Institution', 'hernandezlaurie@yahoo.com', '6224811475', 'PSC 1135, Box 5783, APO AP 69235');
INSERT INTO owners (owner_id, name, owner_type, contact_email, phone, address) VALUES (53, 'Wells-White Art Center', 'Institution', 'asmith@bray-hale.biz', '(129)838-7171x2261', '67489 Williams Isle Suite 024, Jaclynborough, MS 40873');
INSERT INTO owners (owner_id, name, owner_type, contact_email, phone, address) VALUES (54, 'Connor Griffin', 'Person', 'moorestacey@yahoo.com', '+1-687-590-8308x69981', '304 Timothy Island Suite 054, Darrellshire, MD 93702');
INSERT INTO owners (owner_id, name, owner_type, contact_email, phone, address) VALUES (55, 'Rodriguez and Sons Gallery', 'Institution', 'vorr@yahoo.com', '001-285-406-1068', '600 Sarah Corners Apt. 446, West Rebecca, MI 64026');

-- locations
INSERT INTO locations (location_id, name, address, room, shelf) VALUES (1, 'Nordic Art Museum Oslo', '508 Nathan Divide Suite 106, Frenchville, NJ 70154', 'Gallery 1', 'Bench 4');
INSERT INTO locations (location_id, name, address, room, shelf) VALUES (2, 'Light Lab Oslo', '66257 Richard Pines Apt. 906, North Christinahaven, CO 79801', 'Wing C', 'Rack 4');
INSERT INTO locations (location_id, name, address, room, shelf) VALUES (3, 'Nordic Art Museum', '61793 Zimmerman Pines, Port Adamside, NY 79699', 'Gallery 1', 'Wall A');
INSERT INTO locations (location_id, name, address, room, shelf) VALUES (4, 'City Gallery Paris', '78458 Mccarthy View, North Charles, MI 75521', 'Room 3', 'Shelf 1');
INSERT INTO locations (location_id, name, address, room, shelf) VALUES (5, 'Gallery Aurora Aarhus', '0624 Lopez Junction, Lake Michaelhaven, MI 26844', 'Room 3', 'Crate 9');
INSERT INTO locations (location_id, name, address, room, shelf) VALUES (6, 'Gallery Aurora', '873 Lawrence Inlet, Cynthiatown, OK 44523', 'Wing C', 'Wall B');
INSERT INTO locations (location_id, name, address, room, shelf) VALUES (7, 'Private Vault Paris', '23892 Price Skyway Apt. 318, Lake William, ND 42412', 'Wing C', 'Wall B');
INSERT INTO locations (location_id, name, address, room, shelf) VALUES (8, 'Private Vault', '2579 Brett Knolls, South Brianville, DE 92654', 'Vault B', 'Crate 9');
INSERT INTO locations (location_id, name, address, room, shelf) VALUES (9, 'Private Vault', '1424 Melinda Isle Apt. 240, New Laurenview, WV 58149', 'Gallery 2', 'Rack 7');
INSERT INTO locations (location_id, name, address, room, shelf) VALUES (10, 'Old Mill Storage Helsinki', '4691 Ross Parkway Suite 464, Pagefort, PA 94368', 'Storage East', 'Shelf 1');
INSERT INTO locations (location_id, name, address, room, shelf) VALUES (11, 'Modern Art Space Paris', '7100 Schroeder Mountain Apt. 766, Stevenshire, TX 85884', 'Room 5', 'Crate 9');
INSERT INTO locations (location_id, name, address, room, shelf) VALUES (12, 'Museum Storage', '096 Kevin Lodge, Michaelfort, ND 49524', 'Lab 2', 'Wall B');
INSERT INTO locations (location_id, name, address, room, shelf) VALUES (13, 'Light Lab', '42526 Richard Streets Suite 235, Mathewsport, OK 95284', 'Gallery 2', 'Rack 4');
INSERT INTO locations (location_id, name, address, room, shelf) VALUES (14, 'Gallery Aurora', '4389 Miller Forge Suite 869, West Theresa, CT 78611', 'Lab 2', 'Shelf 2');
INSERT INTO locations (location_id, name, address, room, shelf) VALUES (15, 'Light Lab', '8423 Brian Road Suite 782, South Morgan, HI 58505', 'Vault B', 'Shelf 1');
INSERT INTO locations (location_id, name, address, room, shelf) VALUES (16, 'Modern Art Space Aarhus', '26387 Amanda Ports, South Theresa, PA 05798', 'Room 3', 'Rack 7');
INSERT INTO locations (location_id, name, address, room, shelf) VALUES (17, 'Conservation Studio Hamburg', '27346 Fields Tunnel, Katelynshire, SD 72529', 'Lab 2', 'Rack 4');
INSERT INTO locations (location_id, name, address, room, shelf) VALUES (18, 'Art Depot Stockholm', '14944 Kimberly Pines Apt. 830, Lake Justin, MD 36859', 'Vault B', 'Shelf 2');
INSERT INTO locations (location_id, name, address, room, shelf) VALUES (19, 'City Gallery Berlin', '26081 Laura Stravenue, Crawfordfort, MO 96509', 'Vault B', 'Wall B');
INSERT INTO locations (location_id, name, address, room, shelf) VALUES (20, 'Private Vault Copenhagen', '66172 Richard Crossing, Jasminestad, MI 85425', 'Storage East', 'Wall B');
INSERT INTO locations (location_id, name, address, room, shelf) VALUES (21, 'Conservation Studio Hamburg', '144 Michael Rue, Seanmouth, NE 91872', 'Room 5', 'Shelf 1');
INSERT INTO locations (location_id, name, address, room, shelf) VALUES (22, 'Light Lab', '776 Charles Extensions Apt. 990, West Tylerbury, GA 36508', 'Main Hall', 'Shelf 1');
INSERT INTO locations (location_id, name, address, room, shelf) VALUES (23, 'Old Mill Storage Berlin', '8868 Diane Course Apt. 871, Jacobhaven, OR 48387', 'Storage West', 'Rack 7');
INSERT INTO locations (location_id, name, address, room, shelf) VALUES (24, 'Nordic Art Museum', 'USS Ramos, FPO AA 45770', 'Room 5', 'Display C');
INSERT INTO locations (location_id, name, address, room, shelf) VALUES (25, 'Harbor Storage Stockholm', '96928 Nicole Trail Apt. 872, South Emily, AZ 42113', 'Gallery 1', 'Wall A');
INSERT INTO locations (location_id, name, address, room, shelf) VALUES (26, 'Nordic Art Museum Stockholm', '08910 Mark Pike Suite 126, East Edward, MD 50324', 'Lab 2', 'Bench 4');
INSERT INTO locations (location_id, name, address, room, shelf) VALUES (27, 'Museum Storage Helsinki', '4614 Aaron Wall, Susanmouth, PA 03930', 'Wing C', 'Wall B');
INSERT INTO locations (location_id, name, address, room, shelf) VALUES (28, 'Private Vault Aarhus', 'USNV Kerr, FPO AP 14642', 'Storage West', 'Wall B');
INSERT INTO locations (location_id, name, address, room, shelf) VALUES (29, 'Museum Storage Berlin', '59533 Singleton Bypass Suite 067, South Claudia, CA 13114', 'Wing C', 'Crate 9');
INSERT INTO locations (location_id, name, address, room, shelf) VALUES (30, 'Nordic Art Museum Hamburg', '776 Mills Underpass Suite 075, South Jeffrey, MT 79683', 'Storage East', 'Rack 4');

-- collections
INSERT INTO collections (collection_id, name, description, owner_id) VALUES (1, 'Flux & Flow Karenton', 'Senior thousand relate then lose world if civil.', '52');
INSERT INTO collections (collection_id, name, description, owner_id) VALUES (2, 'Light & Space', 'Team fund measure response should go music student relate popular force hundred.', '47');
INSERT INTO collections (collection_id, name, description, owner_id) VALUES (3, 'Monochrome Studies North Michaelside', 'Age evening often as political Congress operation then arm together study three thought.', '6');
INSERT INTO collections (collection_id, name, description, owner_id) VALUES (4, 'Quiet Landscapes', 'Democrat property social response beat cause election station doctor.', '11');
INSERT INTO collections (collection_id, name, description, owner_id) VALUES (5, 'Color Fields Burkemouth', 'Among once fine seek wife church item particular center past explain.', '42');
INSERT INTO collections (collection_id, name, description, owner_id) VALUES (6, 'Color Fields North Angela', 'Yourself watch fill majority chair deep various traditional.', '26');
INSERT INTO collections (collection_id, name, description, owner_id) VALUES (7, 'Quiet Landscapes South Annaton', 'Growth back others wind take rock follow too such daughter account.', '27');
INSERT INTO collections (collection_id, name, description, owner_id) VALUES (8, 'Light & Space New Patricia', 'Now play anything international event line poor dream education major onto sound power.', '4');
INSERT INTO collections (collection_id, name, description, owner_id) VALUES (9, 'Northern Modernism South Mary', 'Color sign staff thousand on argue glass notice against great.', '42');
INSERT INTO collections (collection_id, name, description, owner_id) VALUES (10, 'Color Fields Mackhaven', 'Skin although however perhaps writer artist born really she whatever story.', '46');
INSERT INTO collections (collection_id, name, description, owner_id) VALUES (11, 'Photographic Cities East Jeffreymouth', 'Same mention always over face current his media.', '49');
INSERT INTO collections (collection_id, name, description, owner_id) VALUES (12, 'Photographic Cities', 'Wear result night arrive away life material sort with many card.', '18');
INSERT INTO collections (collection_id, name, description, owner_id) VALUES (13, 'Light & Space', 'Probably personal certain size card majority.', '22');
INSERT INTO collections (collection_id, name, description, owner_id) VALUES (14, 'Urban Dialogues Knightside', 'Food may do fly hold boy fear radio red know.', '25');
INSERT INTO collections (collection_id, name, description, owner_id) VALUES (15, 'Luminous Works', 'Employee situation attention game occur cell list sound air good floor car station.', '37');
INSERT INTO collections (collection_id, name, description, owner_id) VALUES (16, 'Quiet Landscapes', 'Country firm speech vote some develop fill someone.', '34');
INSERT INTO collections (collection_id, name, description, owner_id) VALUES (17, 'Monochrome Studies Lake Richard', 'Begin by as wish thus open who per sure whose.', '22');
INSERT INTO collections (collection_id, name, description, owner_id) VALUES (18, 'New Forms', 'Great head agreement strong alone eight responsibility arrive agency person class pick.', '23');

-- artworks
INSERT INTO artworks (artwork_id, title, medium, year_created, dimensions, primary_artist_id, current_location_id, current_owner_id, notes) VALUES (1, 'Afterglow #4', 'Ink on paper', '2019', '33 x 174 cm', '21', '22', '2', 'From the coastal series.');
INSERT INTO artworks (artwork_id, title, medium, year_created, dimensions, primary_artist_id, current_location_id, current_owner_id, notes) VALUES (2, 'Blue Drift #1', 'Oil on linen', '1975', '162 x 38 cm', '49', '29', '14', 'From the coastal series.');
INSERT INTO artworks (artwork_id, title, medium, year_created, dimensions, primary_artist_id, current_location_id, current_owner_id, notes) VALUES (3, 'Kite Forms III', 'C-print photograph', '2011', '164 x 85 cm', '12', '6', '16', 'Signed on verso.');
INSERT INTO artworks (artwork_id, title, medium, year_created, dimensions, primary_artist_id, current_location_id, current_owner_id, notes) VALUES (4, 'Untitled', 'C-print photograph', '1994', '97 x 155 cm', '40', '17', '1', 'Restored in excellent condition.');
INSERT INTO artworks (artwork_id, title, medium, year_created, dimensions, primary_artist_id, current_location_id, current_owner_id, notes) VALUES (5, 'Pulse II', 'Oil on linen', '1955', '106 x 51 cm', '75', '8', '17', '');
INSERT INTO artworks (artwork_id, title, medium, year_created, dimensions, primary_artist_id, current_location_id, current_owner_id, notes) VALUES (6, 'Shoreline', 'Gelatin silver print', '1958', '61 x 85 cm', '44', '27', '39', 'Restored in excellent condition.');
INSERT INTO artworks (artwork_id, title, medium, year_created, dimensions, primary_artist_id, current_location_id, current_owner_id, notes) VALUES (7, 'Cities #2', 'Acrylic on canvas', '1990', '50 x 156 cm', '3', '8', '52', 'Framed for loan.');
INSERT INTO artworks (artwork_id, title, medium, year_created, dimensions, primary_artist_id, current_location_id, current_owner_id, notes) VALUES (8, 'Cities #3', 'Concrete and steel', '2008', '38 x 109 cm', '58', '9', '28', 'Exhibited internationally.');
INSERT INTO artworks (artwork_id, title, medium, year_created, dimensions, primary_artist_id, current_location_id, current_owner_id, notes) VALUES (9, 'Stone & Wire #3', 'Silkscreen on paper', '1980', '80 x 133 cm', '56', '27', '8', 'Includes certificate of authenticity.');
INSERT INTO artworks (artwork_id, title, medium, year_created, dimensions, primary_artist_id, current_location_id, current_owner_id, notes) VALUES (10, 'Pulse III', 'Acrylic on canvas', '1984', '49 x 59 cm', '49', '25', '48', '');
INSERT INTO artworks (artwork_id, title, medium, year_created, dimensions, primary_artist_id, current_location_id, current_owner_id, notes) VALUES (11, 'Blue Drift #2', 'Aluminum', '1973', '88 x 109 cm', '16', '13', '4', '');
INSERT INTO artworks (artwork_id, title, medium, year_created, dimensions, primary_artist_id, current_location_id, current_owner_id, notes) VALUES (12, 'Winter Light #2', 'Gelatin silver print', '1971', '100 x 90 cm', '60', '2', '1', 'Signed on verso.');
INSERT INTO artworks (artwork_id, title, medium, year_created, dimensions, primary_artist_id, current_location_id, current_owner_id, notes) VALUES (13, 'Veil #2', 'Gelatin silver print', '1982', '145 x 110 cm', '71', '19', '11', '');
INSERT INTO artworks (artwork_id, title, medium, year_created, dimensions, primary_artist_id, current_location_id, current_owner_id, notes) VALUES (14, 'Winter Light', 'Oil on linen', '2020', '127 x 152 cm', '39', '20', '5', 'Signed on verso.');
INSERT INTO artworks (artwork_id, title, medium, year_created, dimensions, primary_artist_id, current_location_id, current_owner_id, notes) VALUES (15, 'Afterglow', 'Silkscreen on paper', '2001', '152 x 141 cm', '15', '20', '2', 'Restored in excellent condition.');
INSERT INTO artworks (artwork_id, title, medium, year_created, dimensions, primary_artist_id, current_location_id, current_owner_id, notes) VALUES (16, 'Blue Drift #4', 'Ink on paper', '1988', '158 x 120 cm', '50', '14', '41', 'From the coastal series.');
INSERT INTO artworks (artwork_id, title, medium, year_created, dimensions, primary_artist_id, current_location_id, current_owner_id, notes) VALUES (17, 'Winter Light #4', 'Aluminum', '1957', '179 x 137 cm', '74', '27', '38', '');
INSERT INTO artworks (artwork_id, title, medium, year_created, dimensions, primary_artist_id, current_location_id, current_owner_id, notes) VALUES (18, 'Stone & Wire #1', 'Ink on paper', '1999', '171 x 86 cm', '28', '3', '33', 'Framed for loan.');
INSERT INTO artworks (artwork_id, title, medium, year_created, dimensions, primary_artist_id, current_location_id, current_owner_id, notes) VALUES (19, 'Echoes', 'Aluminum', '1964', '37 x 70 cm', '63', '12', '26', 'Includes certificate of authenticity.');
INSERT INTO artworks (artwork_id, title, medium, year_created, dimensions, primary_artist_id, current_location_id, current_owner_id, notes) VALUES (20, 'Light Fold', 'Aluminum', '1995', '35 x 42 cm', '2', '4', '10', 'Framed for loan.');
INSERT INTO artworks (artwork_id, title, medium, year_created, dimensions, primary_artist_id, current_location_id, current_owner_id, notes) VALUES (21, 'Untitled', 'Mixed media sculpture', '1981', '162 x 77 cm', '14', '27', '1', 'From the coastal series.');
INSERT INTO artworks (artwork_id, title, medium, year_created, dimensions, primary_artist_id, current_location_id, current_owner_id, notes) VALUES (22, 'Cities', 'Mixed media sculpture', '1961', '117 x 99 cm', '66', '3', '39', 'From the coastal series.');
INSERT INTO artworks (artwork_id, title, medium, year_created, dimensions, primary_artist_id, current_location_id, current_owner_id, notes) VALUES (23, 'Horizon I', 'Bronze', '1970', '142 x 71 cm', '16', '19', '6', '');
INSERT INTO artworks (artwork_id, title, medium, year_created, dimensions, primary_artist_id, current_location_id, current_owner_id, notes) VALUES (24, 'Kite Forms', 'Bronze', '1985', '58 x 36 cm', '5', '18', '31', 'Includes certificate of authenticity.');
INSERT INTO artworks (artwork_id, title, medium, year_created, dimensions, primary_artist_id, current_location_id, current_owner_id, notes) VALUES (25, 'Red Field III', 'Mixed media sculpture', '2021', '170 x 113 cm', '28', '3', '27', 'Editioned work.');
INSERT INTO artworks (artwork_id, title, medium, year_created, dimensions, primary_artist_id, current_location_id, current_owner_id, notes) VALUES (26, 'Shoreline', 'LED, acrylic, controller', '1975', '169 x 90 cm', '49', '13', '7', 'Framed for loan.');
INSERT INTO artworks (artwork_id, title, medium, year_created, dimensions, primary_artist_id, current_location_id, current_owner_id, notes) VALUES (27, 'Shoreline (Variant)', 'Gelatin silver print', '2006', '100 x 132 cm', '52', '30', '18', 'Signed on verso.');
INSERT INTO artworks (artwork_id, title, medium, year_created, dimensions, primary_artist_id, current_location_id, current_owner_id, notes) VALUES (28, 'Stone & Wire #4', 'Silkscreen on paper', '1960', '58 x 146 cm', '39', '12', '3', 'Restored in excellent condition.');
INSERT INTO artworks (artwork_id, title, medium, year_created, dimensions, primary_artist_id, current_location_id, current_owner_id, notes) VALUES (29, 'Red Field #4', 'Silkscreen on paper', '1959', '114 x 169 cm', '44', '7', '52', 'From the coastal series.');
INSERT INTO artworks (artwork_id, title, medium, year_created, dimensions, primary_artist_id, current_location_id, current_owner_id, notes) VALUES (30, 'Light Fold (Variant)', 'Aluminum', '2023', '40 x 113 cm', '45', '22', '19', '');
INSERT INTO artworks (artwork_id, title, medium, year_created, dimensions, primary_artist_id, current_location_id, current_owner_id, notes) VALUES (31, 'Cities I', 'Bronze', '2009', '115 x 156 cm', '2', '13', '6', 'Editioned work.');
INSERT INTO artworks (artwork_id, title, medium, year_created, dimensions, primary_artist_id, current_location_id, current_owner_id, notes) VALUES (32, 'Blue Drift', 'Bronze', '1957', '45 x 172 cm', '21', '15', '1', 'Restored in excellent condition.');
INSERT INTO artworks (artwork_id, title, medium, year_created, dimensions, primary_artist_id, current_location_id, current_owner_id, notes) VALUES (33, 'Intervals', 'Gelatin silver print', '1957', '101 x 48 cm', '33', '11', '49', 'Exhibited internationally.');
INSERT INTO artworks (artwork_id, title, medium, year_created, dimensions, primary_artist_id, current_location_id, current_owner_id, notes) VALUES (34, 'Cities #1', 'LED, acrylic, controller', '1962', '103 x 50 cm', '38', '3', '28', 'Signed on verso.');
INSERT INTO artworks (artwork_id, title, medium, year_created, dimensions, primary_artist_id, current_location_id, current_owner_id, notes) VALUES (35, 'Echoes III', 'Aluminum', '2018', '143 x 178 cm', '33', '11', '30', 'Exhibited internationally.');
INSERT INTO artworks (artwork_id, title, medium, year_created, dimensions, primary_artist_id, current_location_id, current_owner_id, notes) VALUES (36, 'Shoreline #1', 'Mixed media sculpture', '1959', '139 x 91 cm', '31', '28', '36', 'Includes certificate of authenticity.');
INSERT INTO artworks (artwork_id, title, medium, year_created, dimensions, primary_artist_id, current_location_id, current_owner_id, notes) VALUES (37, 'Light Fold', 'Ink on paper', '2020', '111 x 55 cm', '53', '2', '8', 'Exhibited internationally.');
INSERT INTO artworks (artwork_id, title, medium, year_created, dimensions, primary_artist_id, current_location_id, current_owner_id, notes) VALUES (38, 'Winter Light #4', 'C-print photograph', '1988', '61 x 144 cm', '53', '1', '17', 'Framed for loan.');
INSERT INTO artworks (artwork_id, title, medium, year_created, dimensions, primary_artist_id, current_location_id, current_owner_id, notes) VALUES (39, 'Blue Drift #3', 'Concrete and steel', '1972', '118 x 92 cm', '28', '15', '51', 'From the coastal series.');
INSERT INTO artworks (artwork_id, title, medium, year_created, dimensions, primary_artist_id, current_location_id, current_owner_id, notes) VALUES (40, 'Veil #1', 'Ink on paper', '1996', '49 x 96 cm', '65', '22', '35', 'Restored in excellent condition.');
INSERT INTO artworks (artwork_id, title, medium, year_created, dimensions, primary_artist_id, current_location_id, current_owner_id, notes) VALUES (41, 'Blue Drift', 'Acrylic on canvas', '1994', '114 x 58 cm', '30', '4', '35', 'Restored in excellent condition.');
INSERT INTO artworks (artwork_id, title, medium, year_created, dimensions, primary_artist_id, current_location_id, current_owner_id, notes) VALUES (42, 'Stone & Wire', 'Ink on paper', '1987', '61 x 93 cm', '28', '29', '30', 'Framed for loan.');
INSERT INTO artworks (artwork_id, title, medium, year_created, dimensions, primary_artist_id, current_location_id, current_owner_id, notes) VALUES (43, 'Veil #4', 'Concrete and steel', '2016', '43 x 50 cm', '63', '22', '38', 'From the coastal series.');
INSERT INTO artworks (artwork_id, title, medium, year_created, dimensions, primary_artist_id, current_location_id, current_owner_id, notes) VALUES (44, 'Winter Light', 'Gelatin silver print', '1991', '31 x 47 cm', '10', '3', '10', '');
INSERT INTO artworks (artwork_id, title, medium, year_created, dimensions, primary_artist_id, current_location_id, current_owner_id, notes) VALUES (45, 'Kite Forms', 'Concrete and steel', '2004', '42 x 53 cm', '64', '3', '45', 'Signed on verso.');
INSERT INTO artworks (artwork_id, title, medium, year_created, dimensions, primary_artist_id, current_location_id, current_owner_id, notes) VALUES (46, 'Afterglow', 'C-print photograph', '1993', '102 x 122 cm', '29', '9', '22', 'From the coastal series.');
INSERT INTO artworks (artwork_id, title, medium, year_created, dimensions, primary_artist_id, current_location_id, current_owner_id, notes) VALUES (47, 'Cities (Study)', 'Gelatin silver print', '1977', '110 x 134 cm', '43', '26', '4', '');
INSERT INTO artworks (artwork_id, title, medium, year_created, dimensions, primary_artist_id, current_location_id, current_owner_id, notes) VALUES (48, 'Blue Drift #4', 'Silkscreen on paper', '1980', '53 x 50 cm', '31', '30', '28', 'Editioned work.');
INSERT INTO artworks (artwork_id, title, medium, year_created, dimensions, primary_artist_id, current_location_id, current_owner_id, notes) VALUES (49, 'Veil (Variant)', 'Silkscreen on paper', '1974', '150 x 173 cm', '60', '22', '40', 'Includes certificate of authenticity.');
INSERT INTO artworks (artwork_id, title, medium, year_created, dimensions, primary_artist_id, current_location_id, current_owner_id, notes) VALUES (50, 'Echoes (Variant)', 'Concrete and steel', '2019', '40 x 35 cm', '59', '30', '32', 'Restored in excellent condition.');
INSERT INTO artworks (artwork_id, title, medium, year_created, dimensions, primary_artist_id, current_location_id, current_owner_id, notes) VALUES (51, 'Intervals #2', 'Silkscreen on paper', '1999', '140 x 31 cm', '14', '15', '53', 'Restored in excellent condition.');
INSERT INTO artworks (artwork_id, title, medium, year_created, dimensions, primary_artist_id, current_location_id, current_owner_id, notes) VALUES (52, 'Red Field', 'Etching', '1962', '121 x 94 cm', '36', '27', '1', 'From the coastal series.');
INSERT INTO artworks (artwork_id, title, medium, year_created, dimensions, primary_artist_id, current_location_id, current_owner_id, notes) VALUES (53, 'Pulse', 'Aluminum', '1978', '76 x 92 cm', '37', '24', '37', 'Signed on verso.');
INSERT INTO artworks (artwork_id, title, medium, year_created, dimensions, primary_artist_id, current_location_id, current_owner_id, notes) VALUES (54, 'Kite Forms III', 'Mixed media sculpture', '2004', '129 x 129 cm', '7', '8', '8', 'Includes certificate of authenticity.');
INSERT INTO artworks (artwork_id, title, medium, year_created, dimensions, primary_artist_id, current_location_id, current_owner_id, notes) VALUES (55, 'Veil I', 'Gelatin silver print', '1965', '36 x 116 cm', '43', '17', '18', 'From the coastal series.');
INSERT INTO artworks (artwork_id, title, medium, year_created, dimensions, primary_artist_id, current_location_id, current_owner_id, notes) VALUES (56, 'Light Fold III', 'Ink on paper', '1990', '129 x 115 cm', '70', '20', '37', 'Restored in excellent condition.');
INSERT INTO artworks (artwork_id, title, medium, year_created, dimensions, primary_artist_id, current_location_id, current_owner_id, notes) VALUES (57, 'Untitled (Study)', 'Aluminum', '1995', '160 x 177 cm', '47', '3', '52', 'Includes certificate of authenticity.');
INSERT INTO artworks (artwork_id, title, medium, year_created, dimensions, primary_artist_id, current_location_id, current_owner_id, notes) VALUES (58, 'Pulse (Variant)', 'Mixed media sculpture', '1981', '164 x 124 cm', '69', '10', '8', 'From the coastal series.');
INSERT INTO artworks (artwork_id, title, medium, year_created, dimensions, primary_artist_id, current_location_id, current_owner_id, notes) VALUES (59, 'Echoes #3', 'Acrylic on canvas', '1979', '110 x 124 cm', '74', '18', '5', 'Framed for loan.');
INSERT INTO artworks (artwork_id, title, medium, year_created, dimensions, primary_artist_id, current_location_id, current_owner_id, notes) VALUES (60, 'Light Fold #4', 'Aluminum', '1991', '42 x 82 cm', '49', '11', '55', 'Signed on verso.');
INSERT INTO artworks (artwork_id, title, medium, year_created, dimensions, primary_artist_id, current_location_id, current_owner_id, notes) VALUES (61, 'Red Field', 'Etching', '1979', '78 x 178 cm', '72', '4', '33', 'Restored in excellent condition.');
INSERT INTO artworks (artwork_id, title, medium, year_created, dimensions, primary_artist_id, current_location_id, current_owner_id, notes) VALUES (62, 'Light Fold III', 'Concrete and steel', '1962', '93 x 44 cm', '54', '15', '7', 'Signed on verso.');
INSERT INTO artworks (artwork_id, title, medium, year_created, dimensions, primary_artist_id, current_location_id, current_owner_id, notes) VALUES (63, 'Horizon', 'Acrylic on canvas', '2003', '87 x 180 cm', '41', '17', '32', 'Framed for loan.');
INSERT INTO artworks (artwork_id, title, medium, year_created, dimensions, primary_artist_id, current_location_id, current_owner_id, notes) VALUES (64, 'Afterglow', 'C-print photograph', '1973', '42 x 156 cm', '26', '19', '7', 'Restored in excellent condition.');
INSERT INTO artworks (artwork_id, title, medium, year_created, dimensions, primary_artist_id, current_location_id, current_owner_id, notes) VALUES (65, 'Afterglow (Study)', 'Aluminum', '1989', '60 x 166 cm', '17', '4', '8', '');
INSERT INTO artworks (artwork_id, title, medium, year_created, dimensions, primary_artist_id, current_location_id, current_owner_id, notes) VALUES (66, 'Red Field #3', 'C-print photograph', '1976', '89 x 41 cm', '22', '17', '2', 'Exhibited internationally.');
INSERT INTO artworks (artwork_id, title, medium, year_created, dimensions, primary_artist_id, current_location_id, current_owner_id, notes) VALUES (67, 'Grid Variations', 'C-print photograph', '1966', '87 x 152 cm', '57', '13', '23', 'Restored in excellent condition.');
INSERT INTO artworks (artwork_id, title, medium, year_created, dimensions, primary_artist_id, current_location_id, current_owner_id, notes) VALUES (68, 'Pulse', 'Oil on linen', '1979', '138 x 107 cm', '19', '1', '34', 'Editioned work.');
INSERT INTO artworks (artwork_id, title, medium, year_created, dimensions, primary_artist_id, current_location_id, current_owner_id, notes) VALUES (69, 'Kite Forms IV', 'Aluminum', '2005', '164 x 72 cm', '49', '11', '27', 'Signed on verso.');
INSERT INTO artworks (artwork_id, title, medium, year_created, dimensions, primary_artist_id, current_location_id, current_owner_id, notes) VALUES (70, 'Echoes I', 'Concrete and steel', '2024', '158 x 34 cm', '21', '21', '48', 'From the coastal series.');
INSERT INTO artworks (artwork_id, title, medium, year_created, dimensions, primary_artist_id, current_location_id, current_owner_id, notes) VALUES (71, 'Grid Variations #4', 'Concrete and steel', '2007', '111 x 90 cm', '65', '23', '31', 'Framed for loan.');
INSERT INTO artworks (artwork_id, title, medium, year_created, dimensions, primary_artist_id, current_location_id, current_owner_id, notes) VALUES (72, 'Untitled', 'Ink on paper', '1968', '103 x 179 cm', '79', '14', '38', 'Restored in excellent condition.');
INSERT INTO artworks (artwork_id, title, medium, year_created, dimensions, primary_artist_id, current_location_id, current_owner_id, notes) VALUES (73, 'Shoreline', 'Mixed media sculpture', '2014', '106 x 60 cm', '33', '13', '31', 'Framed for loan.');
INSERT INTO artworks (artwork_id, title, medium, year_created, dimensions, primary_artist_id, current_location_id, current_owner_id, notes) VALUES (74, 'Cities II', 'Bronze', '1967', '70 x 82 cm', '4', '16', '11', 'From the coastal series.');
INSERT INTO artworks (artwork_id, title, medium, year_created, dimensions, primary_artist_id, current_location_id, current_owner_id, notes) VALUES (75, 'Afterglow #2', 'Gelatin silver print', '2008', '124 x 54 cm', '38', '2', '45', 'Signed on verso.');
INSERT INTO artworks (artwork_id, title, medium, year_created, dimensions, primary_artist_id, current_location_id, current_owner_id, notes) VALUES (76, 'Horizon', 'Mixed media sculpture', '2003', '137 x 64 cm', '36', '13', '29', 'Exhibited internationally.');
INSERT INTO artworks (artwork_id, title, medium, year_created, dimensions, primary_artist_id, current_location_id, current_owner_id, notes) VALUES (77, 'Grid Variations', 'Etching', '1989', '149 x 103 cm', '27', '7', '35', 'Signed on verso.');
INSERT INTO artworks (artwork_id, title, medium, year_created, dimensions, primary_artist_id, current_location_id, current_owner_id, notes) VALUES (78, 'Light Fold', 'Ink on paper', '2012', '120 x 59 cm', '75', '13', '36', 'Restored in excellent condition.');
INSERT INTO artworks (artwork_id, title, medium, year_created, dimensions, primary_artist_id, current_location_id, current_owner_id, notes) VALUES (79, 'Stone & Wire #3', 'Silkscreen on paper', '2007', '150 x 163 cm', '59', '13', '15', 'Signed on verso.');
INSERT INTO artworks (artwork_id, title, medium, year_created, dimensions, primary_artist_id, current_location_id, current_owner_id, notes) VALUES (80, 'Intervals', 'Oil on linen', '1990', '128 x 71 cm', '61', '5', '40', 'Framed for loan.');
INSERT INTO artworks (artwork_id, title, medium, year_created, dimensions, primary_artist_id, current_location_id, current_owner_id, notes) VALUES (81, 'Veil', 'Silkscreen on paper', '2003', '174 x 120 cm', '15', '11', '19', 'Framed for loan.');
INSERT INTO artworks (artwork_id, title, medium, year_created, dimensions, primary_artist_id, current_location_id, current_owner_id, notes) VALUES (82, 'Cities', 'Bronze', '1965', '171 x 148 cm', '28', '4', '2', 'Exhibited internationally.');
INSERT INTO artworks (artwork_id, title, medium, year_created, dimensions, primary_artist_id, current_location_id, current_owner_id, notes) VALUES (83, 'Pulse', 'Mixed media sculpture', '1980', '138 x 150 cm', '30', '16', '3', 'Exhibited internationally.');
INSERT INTO artworks (artwork_id, title, medium, year_created, dimensions, primary_artist_id, current_location_id, current_owner_id, notes) VALUES (84, 'Veil', 'Ink on paper', '1983', '165 x 58 cm', '13', '3', '43', 'From the coastal series.');
INSERT INTO artworks (artwork_id, title, medium, year_created, dimensions, primary_artist_id, current_location_id, current_owner_id, notes) VALUES (85, 'Cities', 'Mixed media sculpture', '1962', '47 x 76 cm', '12', '25', '6', 'Exhibited internationally.');
INSERT INTO artworks (artwork_id, title, medium, year_created, dimensions, primary_artist_id, current_location_id, current_owner_id, notes) VALUES (86, 'Echoes #3', 'Mixed media sculpture', '1995', '144 x 178 cm', '27', '28', '51', 'Exhibited internationally.');
INSERT INTO artworks (artwork_id, title, medium, year_created, dimensions, primary_artist_id, current_location_id, current_owner_id, notes) VALUES (87, 'Blue Drift', 'Silkscreen on paper', '2024', '114 x 36 cm', '36', '16', '49', 'Framed for loan.');
INSERT INTO artworks (artwork_id, title, medium, year_created, dimensions, primary_artist_id, current_location_id, current_owner_id, notes) VALUES (88, 'Intervals', 'C-print photograph', '1994', '151 x 72 cm', '28', '15', '37', 'Signed on verso.');
INSERT INTO artworks (artwork_id, title, medium, year_created, dimensions, primary_artist_id, current_location_id, current_owner_id, notes) VALUES (89, 'Winter Light', 'Ink on paper', '1955', '123 x 145 cm', '69', '13', '3', 'Includes certificate of authenticity.');
INSERT INTO artworks (artwork_id, title, medium, year_created, dimensions, primary_artist_id, current_location_id, current_owner_id, notes) VALUES (90, 'Pulse', 'Acrylic on canvas', '2023', '105 x 128 cm', '2', '23', '27', 'Editioned work.');
INSERT INTO artworks (artwork_id, title, medium, year_created, dimensions, primary_artist_id, current_location_id, current_owner_id, notes) VALUES (91, 'Winter Light II', 'Ink on paper', '1991', '114 x 62 cm', '40', '23', '44', 'Restored in excellent condition.');
INSERT INTO artworks (artwork_id, title, medium, year_created, dimensions, primary_artist_id, current_location_id, current_owner_id, notes) VALUES (92, 'Kite Forms IV', 'Silkscreen on paper', '1959', '30 x 47 cm', '69', '6', '51', 'From the coastal series.');
INSERT INTO artworks (artwork_id, title, medium, year_created, dimensions, primary_artist_id, current_location_id, current_owner_id, notes) VALUES (93, 'Pulse (Study)', 'Acrylic on canvas', '2019', '92 x 86 cm', '49', '19', '6', 'Restored in excellent condition.');
INSERT INTO artworks (artwork_id, title, medium, year_created, dimensions, primary_artist_id, current_location_id, current_owner_id, notes) VALUES (94, 'Blue Drift (Study)', 'Aluminum', '1981', '66 x 116 cm', '52', '23', '18', 'Framed for loan.');
INSERT INTO artworks (artwork_id, title, medium, year_created, dimensions, primary_artist_id, current_location_id, current_owner_id, notes) VALUES (95, 'Afterglow III', 'Silkscreen on paper', '1987', '66 x 41 cm', '21', '14', '13', 'Framed for loan.');
INSERT INTO artworks (artwork_id, title, medium, year_created, dimensions, primary_artist_id, current_location_id, current_owner_id, notes) VALUES (96, 'Horizon I', 'Concrete and steel', '1970', '89 x 36 cm', '17', '16', '49', 'Editioned work.');
INSERT INTO artworks (artwork_id, title, medium, year_created, dimensions, primary_artist_id, current_location_id, current_owner_id, notes) VALUES (97, 'Grid Variations', 'Silkscreen on paper', '1960', '90 x 119 cm', '57', '23', '10', 'Includes certificate of authenticity.');
INSERT INTO artworks (artwork_id, title, medium, year_created, dimensions, primary_artist_id, current_location_id, current_owner_id, notes) VALUES (98, 'Light Fold', 'LED, acrylic, controller', '1979', '139 x 89 cm', '54', '17', '3', 'Exhibited internationally.');
INSERT INTO artworks (artwork_id, title, medium, year_created, dimensions, primary_artist_id, current_location_id, current_owner_id, notes) VALUES (99, 'Light Fold #4', 'Ink on paper', '1983', '96 x 131 cm', '76', '18', '26', 'Framed for loan.');
INSERT INTO artworks (artwork_id, title, medium, year_created, dimensions, primary_artist_id, current_location_id, current_owner_id, notes) VALUES (100, 'Intervals', 'Ink on paper', '2021', '86 x 56 cm', '52', '18', '41', 'From the coastal series.');
INSERT INTO artworks (artwork_id, title, medium, year_created, dimensions, primary_artist_id, current_location_id, current_owner_id, notes) VALUES (101, 'Light Fold #2', 'LED, acrylic, controller', '2004', '37 x 119 cm', '28', '16', '9', 'Editioned work.');
INSERT INTO artworks (artwork_id, title, medium, year_created, dimensions, primary_artist_id, current_location_id, current_owner_id, notes) VALUES (102, 'Afterglow (Variant)', 'Ink on paper', '1978', '34 x 93 cm', '54', '8', '28', 'Restored in excellent condition.');
INSERT INTO artworks (artwork_id, title, medium, year_created, dimensions, primary_artist_id, current_location_id, current_owner_id, notes) VALUES (103, 'Veil #4', 'Oil on linen', '1997', '158 x 39 cm', '74', '16', '3', 'Restored in excellent condition.');
INSERT INTO artworks (artwork_id, title, medium, year_created, dimensions, primary_artist_id, current_location_id, current_owner_id, notes) VALUES (104, 'Light Fold IV', 'Mixed media sculpture', '1972', '114 x 73 cm', '8', '22', '53', 'Signed on verso.');
INSERT INTO artworks (artwork_id, title, medium, year_created, dimensions, primary_artist_id, current_location_id, current_owner_id, notes) VALUES (105, 'Intervals III', 'Gelatin silver print', '2001', '84 x 160 cm', '67', '14', '1', '');
INSERT INTO artworks (artwork_id, title, medium, year_created, dimensions, primary_artist_id, current_location_id, current_owner_id, notes) VALUES (106, 'Kite Forms (Variant)', 'Silkscreen on paper', '1956', '121 x 159 cm', '30', '27', '11', 'Includes certificate of authenticity.');
INSERT INTO artworks (artwork_id, title, medium, year_created, dimensions, primary_artist_id, current_location_id, current_owner_id, notes) VALUES (107, 'Intervals', 'Silkscreen on paper', '1975', '52 x 128 cm', '80', '6', '15', 'Restored in excellent condition.');
INSERT INTO artworks (artwork_id, title, medium, year_created, dimensions, primary_artist_id, current_location_id, current_owner_id, notes) VALUES (108, 'Horizon (Variant)', 'Oil on linen', '1997', '122 x 163 cm', '27', '12', '55', 'Includes certificate of authenticity.');
INSERT INTO artworks (artwork_id, title, medium, year_created, dimensions, primary_artist_id, current_location_id, current_owner_id, notes) VALUES (109, 'Veil', 'Concrete and steel', '1975', '50 x 130 cm', '16', '19', '50', 'Editioned work.');
INSERT INTO artworks (artwork_id, title, medium, year_created, dimensions, primary_artist_id, current_location_id, current_owner_id, notes) VALUES (110, 'Shoreline', 'C-print photograph', '1993', '180 x 173 cm', '39', '20', '5', 'Editioned work.');
INSERT INTO artworks (artwork_id, title, medium, year_created, dimensions, primary_artist_id, current_location_id, current_owner_id, notes) VALUES (111, 'Pulse IV', 'Aluminum', '1995', '99 x 50 cm', '74', '2', '39', 'Includes certificate of authenticity.');
INSERT INTO artworks (artwork_id, title, medium, year_created, dimensions, primary_artist_id, current_location_id, current_owner_id, notes) VALUES (112, 'Horizon', 'Gelatin silver print', '2019', '96 x 168 cm', '10', '16', '16', 'Exhibited internationally.');
INSERT INTO artworks (artwork_id, title, medium, year_created, dimensions, primary_artist_id, current_location_id, current_owner_id, notes) VALUES (113, 'Shoreline #4', 'LED, acrylic, controller', '2014', '172 x 52 cm', '44', '9', '21', '');
INSERT INTO artworks (artwork_id, title, medium, year_created, dimensions, primary_artist_id, current_location_id, current_owner_id, notes) VALUES (114, 'Blue Drift', 'Bronze', '1965', '151 x 167 cm', '79', '7', '5', 'From the coastal series.');
INSERT INTO artworks (artwork_id, title, medium, year_created, dimensions, primary_artist_id, current_location_id, current_owner_id, notes) VALUES (115, 'Grid Variations II', 'Mixed media sculpture', '1999', '133 x 166 cm', '50', '30', '38', 'From the coastal series.');
INSERT INTO artworks (artwork_id, title, medium, year_created, dimensions, primary_artist_id, current_location_id, current_owner_id, notes) VALUES (116, 'Red Field', 'LED, acrylic, controller', '2013', '39 x 167 cm', '79', '28', '29', '');
INSERT INTO artworks (artwork_id, title, medium, year_created, dimensions, primary_artist_id, current_location_id, current_owner_id, notes) VALUES (117, 'Cities', 'Ink on paper', '2023', '119 x 41 cm', '76', '15', '16', 'Includes certificate of authenticity.');
INSERT INTO artworks (artwork_id, title, medium, year_created, dimensions, primary_artist_id, current_location_id, current_owner_id, notes) VALUES (118, 'Stone & Wire III', 'Silkscreen on paper', '1962', '70 x 103 cm', '38', '22', '37', 'From the coastal series.');
INSERT INTO artworks (artwork_id, title, medium, year_created, dimensions, primary_artist_id, current_location_id, current_owner_id, notes) VALUES (119, 'Blue Drift I', 'Bronze', '1996', '70 x 157 cm', '78', '18', '27', 'Exhibited internationally.');
INSERT INTO artworks (artwork_id, title, medium, year_created, dimensions, primary_artist_id, current_location_id, current_owner_id, notes) VALUES (120, 'Afterglow (Study)', 'Etching', '2006', '46 x 112 cm', '25', '30', '6', 'Includes certificate of authenticity.');
INSERT INTO artworks (artwork_id, title, medium, year_created, dimensions, primary_artist_id, current_location_id, current_owner_id, notes) VALUES (121, 'Light Fold #2', 'Silkscreen on paper', '1995', '175 x 176 cm', '55', '10', '50', 'Exhibited internationally.');
INSERT INTO artworks (artwork_id, title, medium, year_created, dimensions, primary_artist_id, current_location_id, current_owner_id, notes) VALUES (122, 'Afterglow', 'Concrete and steel', '2019', '115 x 63 cm', '41', '12', '54', 'Signed on verso.');
INSERT INTO artworks (artwork_id, title, medium, year_created, dimensions, primary_artist_id, current_location_id, current_owner_id, notes) VALUES (123, 'Winter Light', 'Acrylic on canvas', '1993', '49 x 102 cm', '58', '19', '25', 'Exhibited internationally.');
INSERT INTO artworks (artwork_id, title, medium, year_created, dimensions, primary_artist_id, current_location_id, current_owner_id, notes) VALUES (124, 'Blue Drift I', 'Concrete and steel', '1968', '79 x 175 cm', '16', '20', '42', '');
INSERT INTO artworks (artwork_id, title, medium, year_created, dimensions, primary_artist_id, current_location_id, current_owner_id, notes) VALUES (125, 'Untitled #4', 'Concrete and steel', '1998', '39 x 64 cm', '27', '16', '55', 'Signed on verso.');
INSERT INTO artworks (artwork_id, title, medium, year_created, dimensions, primary_artist_id, current_location_id, current_owner_id, notes) VALUES (126, 'Veil #2', 'Mixed media sculpture', '1993', '39 x 112 cm', '59', '20', '23', 'Framed for loan.');
INSERT INTO artworks (artwork_id, title, medium, year_created, dimensions, primary_artist_id, current_location_id, current_owner_id, notes) VALUES (127, 'Untitled III', 'C-print photograph', '1977', '124 x 162 cm', '7', '9', '31', 'Editioned work.');
INSERT INTO artworks (artwork_id, title, medium, year_created, dimensions, primary_artist_id, current_location_id, current_owner_id, notes) VALUES (128, 'Veil IV', 'LED, acrylic, controller', '1979', '46 x 43 cm', '35', '17', '13', 'Restored in excellent condition.');
INSERT INTO artworks (artwork_id, title, medium, year_created, dimensions, primary_artist_id, current_location_id, current_owner_id, notes) VALUES (129, 'Grid Variations #3', 'Oil on linen', '1959', '133 x 139 cm', '33', '30', '46', 'From the coastal series.');
INSERT INTO artworks (artwork_id, title, medium, year_created, dimensions, primary_artist_id, current_location_id, current_owner_id, notes) VALUES (130, 'Pulse (Variant)', 'Mixed media sculpture', '1998', '141 x 179 cm', '52', '21', '18', 'Includes certificate of authenticity.');
INSERT INTO artworks (artwork_id, title, medium, year_created, dimensions, primary_artist_id, current_location_id, current_owner_id, notes) VALUES (131, 'Light Fold', 'Aluminum', '1957', '99 x 148 cm', '69', '18', '8', 'Signed on verso.');
INSERT INTO artworks (artwork_id, title, medium, year_created, dimensions, primary_artist_id, current_location_id, current_owner_id, notes) VALUES (132, 'Intervals (Variant)', 'Gelatin silver print', '2009', '61 x 102 cm', '59', '20', '19', 'From the coastal series.');
INSERT INTO artworks (artwork_id, title, medium, year_created, dimensions, primary_artist_id, current_location_id, current_owner_id, notes) VALUES (133, 'Horizon #2', 'Concrete and steel', '1976', '93 x 94 cm', '58', '10', '55', 'Signed on verso.');
INSERT INTO artworks (artwork_id, title, medium, year_created, dimensions, primary_artist_id, current_location_id, current_owner_id, notes) VALUES (134, 'Winter Light (Study)', 'Mixed media sculpture', '2011', '113 x 133 cm', '51', '3', '50', 'Includes certificate of authenticity.');
INSERT INTO artworks (artwork_id, title, medium, year_created, dimensions, primary_artist_id, current_location_id, current_owner_id, notes) VALUES (135, 'Red Field', 'Mixed media sculpture', '1997', '134 x 44 cm', '58', '26', '19', 'Exhibited internationally.');
INSERT INTO artworks (artwork_id, title, medium, year_created, dimensions, primary_artist_id, current_location_id, current_owner_id, notes) VALUES (136, 'Stone & Wire (Study)', 'Mixed media sculpture', '1963', '89 x 118 cm', '14', '17', '51', 'Exhibited internationally.');
INSERT INTO artworks (artwork_id, title, medium, year_created, dimensions, primary_artist_id, current_location_id, current_owner_id, notes) VALUES (137, 'Kite Forms (Study)', 'Aluminum', '2004', '110 x 44 cm', '58', '10', '49', 'Editioned work.');
INSERT INTO artworks (artwork_id, title, medium, year_created, dimensions, primary_artist_id, current_location_id, current_owner_id, notes) VALUES (138, 'Untitled #2', 'Etching', '1971', '104 x 54 cm', '63', '5', '9', 'Includes certificate of authenticity.');
INSERT INTO artworks (artwork_id, title, medium, year_created, dimensions, primary_artist_id, current_location_id, current_owner_id, notes) VALUES (139, 'Untitled #2', 'Silkscreen on paper', '1970', '160 x 89 cm', '71', '4', '44', 'Includes certificate of authenticity.');
INSERT INTO artworks (artwork_id, title, medium, year_created, dimensions, primary_artist_id, current_location_id, current_owner_id, notes) VALUES (140, 'Shoreline (Variant)', 'Bronze', '2023', '144 x 161 cm', '60', '3', '21', 'From the coastal series.');
INSERT INTO artworks (artwork_id, title, medium, year_created, dimensions, primary_artist_id, current_location_id, current_owner_id, notes) VALUES (141, 'Shoreline #1', 'Etching', '2007', '50 x 79 cm', '40', '9', '42', 'From the coastal series.');
INSERT INTO artworks (artwork_id, title, medium, year_created, dimensions, primary_artist_id, current_location_id, current_owner_id, notes) VALUES (142, 'Winter Light #3', 'Oil on linen', '1969', '95 x 78 cm', '61', '4', '33', 'Framed for loan.');
INSERT INTO artworks (artwork_id, title, medium, year_created, dimensions, primary_artist_id, current_location_id, current_owner_id, notes) VALUES (143, 'Horizon II', 'Acrylic on canvas', '2001', '157 x 156 cm', '6', '13', '55', 'Editioned work.');
INSERT INTO artworks (artwork_id, title, medium, year_created, dimensions, primary_artist_id, current_location_id, current_owner_id, notes) VALUES (144, 'Stone & Wire I', 'C-print photograph', '1991', '83 x 112 cm', '5', '13', '27', 'From the coastal series.');
INSERT INTO artworks (artwork_id, title, medium, year_created, dimensions, primary_artist_id, current_location_id, current_owner_id, notes) VALUES (145, 'Untitled #2', 'Mixed media sculpture', '2006', '62 x 72 cm', '59', '5', '25', 'Restored in excellent condition.');
INSERT INTO artworks (artwork_id, title, medium, year_created, dimensions, primary_artist_id, current_location_id, current_owner_id, notes) VALUES (146, 'Pulse #1', 'C-print photograph', '1972', '30 x 30 cm', '11', '14', '20', 'Exhibited internationally.');
INSERT INTO artworks (artwork_id, title, medium, year_created, dimensions, primary_artist_id, current_location_id, current_owner_id, notes) VALUES (147, 'Light Fold', 'Ink on paper', '1990', '80 x 137 cm', '76', '5', '7', 'Exhibited internationally.');
INSERT INTO artworks (artwork_id, title, medium, year_created, dimensions, primary_artist_id, current_location_id, current_owner_id, notes) VALUES (148, 'Grid Variations III', 'LED, acrylic, controller', '1971', '123 x 151 cm', '77', '18', '16', 'Framed for loan.');
INSERT INTO artworks (artwork_id, title, medium, year_created, dimensions, primary_artist_id, current_location_id, current_owner_id, notes) VALUES (149, 'Blue Drift #3', 'Silkscreen on paper', '1962', '64 x 72 cm', '28', '23', '38', 'Editioned work.');
INSERT INTO artworks (artwork_id, title, medium, year_created, dimensions, primary_artist_id, current_location_id, current_owner_id, notes) VALUES (150, 'Veil (Variant)', 'Silkscreen on paper', '2008', '31 x 91 cm', '65', '11', '22', 'From the coastal series.');
INSERT INTO artworks (artwork_id, title, medium, year_created, dimensions, primary_artist_id, current_location_id, current_owner_id, notes) VALUES (151, 'Veil IV', 'Etching', '2012', '145 x 42 cm', '59', '5', '33', 'Includes certificate of authenticity.');
INSERT INTO artworks (artwork_id, title, medium, year_created, dimensions, primary_artist_id, current_location_id, current_owner_id, notes) VALUES (152, 'Blue Drift', 'Oil on linen', '2004', '43 x 91 cm', '65', '24', '44', 'Framed for loan.');
INSERT INTO artworks (artwork_id, title, medium, year_created, dimensions, primary_artist_id, current_location_id, current_owner_id, notes) VALUES (153, 'Light Fold #4', 'Oil on linen', '1998', '71 x 153 cm', '40', '17', '42', 'Includes certificate of authenticity.');
INSERT INTO artworks (artwork_id, title, medium, year_created, dimensions, primary_artist_id, current_location_id, current_owner_id, notes) VALUES (154, 'Shoreline (Variant)', 'Silkscreen on paper', '1999', '95 x 78 cm', '75', '2', '14', 'Exhibited internationally.');
INSERT INTO artworks (artwork_id, title, medium, year_created, dimensions, primary_artist_id, current_location_id, current_owner_id, notes) VALUES (155, 'Shoreline', 'Aluminum', '1999', '49 x 86 cm', '10', '28', '37', 'Restored in excellent condition.');
INSERT INTO artworks (artwork_id, title, medium, year_created, dimensions, primary_artist_id, current_location_id, current_owner_id, notes) VALUES (156, 'Pulse (Variant)', 'Mixed media sculpture', '1956', '91 x 173 cm', '61', '19', '7', '');
INSERT INTO artworks (artwork_id, title, medium, year_created, dimensions, primary_artist_id, current_location_id, current_owner_id, notes) VALUES (157, 'Pulse', 'Bronze', '1993', '92 x 65 cm', '53', '9', '41', 'Restored in excellent condition.');
INSERT INTO artworks (artwork_id, title, medium, year_created, dimensions, primary_artist_id, current_location_id, current_owner_id, notes) VALUES (158, 'Stone & Wire', 'Etching', '2024', '179 x 136 cm', '14', '21', '36', 'Framed for loan.');
INSERT INTO artworks (artwork_id, title, medium, year_created, dimensions, primary_artist_id, current_location_id, current_owner_id, notes) VALUES (159, 'Echoes #2', 'Oil on linen', '1971', '78 x 100 cm', '66', '7', '16', 'Editioned work.');
INSERT INTO artworks (artwork_id, title, medium, year_created, dimensions, primary_artist_id, current_location_id, current_owner_id, notes) VALUES (160, 'Blue Drift', 'Concrete and steel', '1981', '49 x 176 cm', '41', '30', '20', 'Editioned work.');
INSERT INTO artworks (artwork_id, title, medium, year_created, dimensions, primary_artist_id, current_location_id, current_owner_id, notes) VALUES (161, 'Afterglow', 'Acrylic on canvas', '2020', '110 x 144 cm', '22', '14', '21', 'Signed on verso.');
INSERT INTO artworks (artwork_id, title, medium, year_created, dimensions, primary_artist_id, current_location_id, current_owner_id, notes) VALUES (162, 'Intervals #3', 'LED, acrylic, controller', '1994', '160 x 83 cm', '68', '5', '12', 'Restored in excellent condition.');
INSERT INTO artworks (artwork_id, title, medium, year_created, dimensions, primary_artist_id, current_location_id, current_owner_id, notes) VALUES (163, 'Echoes', 'Silkscreen on paper', '1962', '87 x 39 cm', '80', '27', '37', 'Restored in excellent condition.');
INSERT INTO artworks (artwork_id, title, medium, year_created, dimensions, primary_artist_id, current_location_id, current_owner_id, notes) VALUES (164, 'Afterglow I', 'Oil on linen', '2016', '153 x 48 cm', '53', '14', '50', 'Editioned work.');
INSERT INTO artworks (artwork_id, title, medium, year_created, dimensions, primary_artist_id, current_location_id, current_owner_id, notes) VALUES (165, 'Intervals', 'LED, acrylic, controller', '1999', '95 x 32 cm', '8', '2', '51', 'Restored in excellent condition.');
INSERT INTO artworks (artwork_id, title, medium, year_created, dimensions, primary_artist_id, current_location_id, current_owner_id, notes) VALUES (166, 'Intervals IV', 'C-print photograph', '2005', '135 x 142 cm', '71', '21', '26', 'Framed for loan.');
INSERT INTO artworks (artwork_id, title, medium, year_created, dimensions, primary_artist_id, current_location_id, current_owner_id, notes) VALUES (167, 'Pulse', 'Bronze', '2000', '168 x 161 cm', '76', '16', '37', 'Editioned work.');
INSERT INTO artworks (artwork_id, title, medium, year_created, dimensions, primary_artist_id, current_location_id, current_owner_id, notes) VALUES (168, 'Kite Forms #4', 'Concrete and steel', '1956', '109 x 40 cm', '48', '21', '51', 'Editioned work.');
INSERT INTO artworks (artwork_id, title, medium, year_created, dimensions, primary_artist_id, current_location_id, current_owner_id, notes) VALUES (169, 'Pulse #2', 'Etching', '1990', '149 x 111 cm', '50', '10', '49', 'Includes certificate of authenticity.');
INSERT INTO artworks (artwork_id, title, medium, year_created, dimensions, primary_artist_id, current_location_id, current_owner_id, notes) VALUES (170, 'Horizon II', 'Bronze', '1957', '66 x 87 cm', '67', '18', '44', 'From the coastal series.');
INSERT INTO artworks (artwork_id, title, medium, year_created, dimensions, primary_artist_id, current_location_id, current_owner_id, notes) VALUES (171, 'Cities #3', 'Acrylic on canvas', '1960', '44 x 171 cm', '67', '9', '38', 'Exhibited internationally.');
INSERT INTO artworks (artwork_id, title, medium, year_created, dimensions, primary_artist_id, current_location_id, current_owner_id, notes) VALUES (172, 'Winter Light I', 'Etching', '2013', '84 x 82 cm', '36', '26', '12', 'Framed for loan.');
INSERT INTO artworks (artwork_id, title, medium, year_created, dimensions, primary_artist_id, current_location_id, current_owner_id, notes) VALUES (173, 'Cities #1', 'LED, acrylic, controller', '2019', '178 x 148 cm', '56', '12', '24', 'Includes certificate of authenticity.');
INSERT INTO artworks (artwork_id, title, medium, year_created, dimensions, primary_artist_id, current_location_id, current_owner_id, notes) VALUES (174, 'Blue Drift', 'Etching', '1976', '161 x 44 cm', '37', '7', '45', 'Includes certificate of authenticity.');
INSERT INTO artworks (artwork_id, title, medium, year_created, dimensions, primary_artist_id, current_location_id, current_owner_id, notes) VALUES (175, 'Untitled #2', 'Etching', '1990', '134 x 122 cm', '53', '26', '28', 'Framed for loan.');
INSERT INTO artworks (artwork_id, title, medium, year_created, dimensions, primary_artist_id, current_location_id, current_owner_id, notes) VALUES (176, 'Afterglow #4', 'Gelatin silver print', '1973', '117 x 160 cm', '55', '2', '17', 'Includes certificate of authenticity.');
INSERT INTO artworks (artwork_id, title, medium, year_created, dimensions, primary_artist_id, current_location_id, current_owner_id, notes) VALUES (177, 'Pulse #2', 'Mixed media sculpture', '1983', '171 x 144 cm', '35', '14', '6', 'Includes certificate of authenticity.');
INSERT INTO artworks (artwork_id, title, medium, year_created, dimensions, primary_artist_id, current_location_id, current_owner_id, notes) VALUES (178, 'Kite Forms III', 'Oil on linen', '1977', '63 x 47 cm', '33', '11', '51', 'Signed on verso.');
INSERT INTO artworks (artwork_id, title, medium, year_created, dimensions, primary_artist_id, current_location_id, current_owner_id, notes) VALUES (179, 'Red Field IV', 'Concrete and steel', '1966', '98 x 121 cm', '55', '20', '25', 'Signed on verso.');
INSERT INTO artworks (artwork_id, title, medium, year_created, dimensions, primary_artist_id, current_location_id, current_owner_id, notes) VALUES (180, 'Blue Drift (Variant)', 'Concrete and steel', '1962', '124 x 87 cm', '77', '2', '10', 'Editioned work.');

-- collection_items
INSERT INTO collection_items (collection_id, artwork_id, date_added, item_notes) VALUES ('11', '87', '2010-08-27', 'Anchor work');
INSERT INTO collection_items (collection_id, artwork_id, date_added, item_notes) VALUES ('8', '160', '2025-06-05', 'Anchor work');
INSERT INTO collection_items (collection_id, artwork_id, date_added, item_notes) VALUES ('16', '127', '2012-10-21', 'Anchor work');
INSERT INTO collection_items (collection_id, artwork_id, date_added, item_notes) VALUES ('7', '108', '2012-11-27', 'Donated piece');
INSERT INTO collection_items (collection_id, artwork_id, date_added, item_notes) VALUES ('4', '99', '2023-04-27', 'Recent acquisition');
INSERT INTO collection_items (collection_id, artwork_id, date_added, item_notes) VALUES ('9', '47', '2009-05-28', 'On long-term loan');
INSERT INTO collection_items (collection_id, artwork_id, date_added, item_notes) VALUES ('4', '153', '2020-12-23', 'Donated piece');
INSERT INTO collection_items (collection_id, artwork_id, date_added, item_notes) VALUES ('14', '151', '2018-10-26', 'Catalogue highlight');
INSERT INTO collection_items (collection_id, artwork_id, date_added, item_notes) VALUES ('13', '51', '2017-06-02', '');
INSERT INTO collection_items (collection_id, artwork_id, date_added, item_notes) VALUES ('10', '108', '2016-09-22', 'Catalogue highlight');
INSERT INTO collection_items (collection_id, artwork_id, date_added, item_notes) VALUES ('4', '73', '2014-01-29', '');
INSERT INTO collection_items (collection_id, artwork_id, date_added, item_notes) VALUES ('6', '165', '2014-06-05', '');
INSERT INTO collection_items (collection_id, artwork_id, date_added, item_notes) VALUES ('3', '103', '2020-10-28', 'Anchor work');
INSERT INTO collection_items (collection_id, artwork_id, date_added, item_notes) VALUES ('18', '79', '2021-04-30', '');
INSERT INTO collection_items (collection_id, artwork_id, date_added, item_notes) VALUES ('1', '146', '2006-01-27', 'Anchor work');
INSERT INTO collection_items (collection_id, artwork_id, date_added, item_notes) VALUES ('3', '47', '2008-06-19', 'On long-term loan');
INSERT INTO collection_items (collection_id, artwork_id, date_added, item_notes) VALUES ('3', '37', '2022-02-03', 'Catalogue highlight');
INSERT INTO collection_items (collection_id, artwork_id, date_added, item_notes) VALUES ('2', '157', '2008-07-22', 'Recent acquisition');
INSERT INTO collection_items (collection_id, artwork_id, date_added, item_notes) VALUES ('17', '4', '2010-02-22', 'On long-term loan');
INSERT INTO collection_items (collection_id, artwork_id, date_added, item_notes) VALUES ('17', '130', '2022-02-27', 'On long-term loan');
INSERT INTO collection_items (collection_id, artwork_id, date_added, item_notes) VALUES ('7', '69', '2022-01-24', 'Donated piece');
INSERT INTO collection_items (collection_id, artwork_id, date_added, item_notes) VALUES ('17', '59', '2012-07-26', 'On long-term loan');
INSERT INTO collection_items (collection_id, artwork_id, date_added, item_notes) VALUES ('12', '141', '2012-10-08', 'Recent acquisition');
INSERT INTO collection_items (collection_id, artwork_id, date_added, item_notes) VALUES ('3', '160', '2005-05-31', 'Recent acquisition');
INSERT INTO collection_items (collection_id, artwork_id, date_added, item_notes) VALUES ('3', '41', '2021-06-21', 'Recent acquisition');
INSERT INTO collection_items (collection_id, artwork_id, date_added, item_notes) VALUES ('16', '96', '2006-08-14', 'Recent acquisition');
INSERT INTO collection_items (collection_id, artwork_id, date_added, item_notes) VALUES ('3', '65', '2008-07-03', 'Donated piece');
INSERT INTO collection_items (collection_id, artwork_id, date_added, item_notes) VALUES ('3', '96', '2006-01-17', 'On long-term loan');
INSERT INTO collection_items (collection_id, artwork_id, date_added, item_notes) VALUES ('12', '104', '2013-02-14', 'Donated piece');
INSERT INTO collection_items (collection_id, artwork_id, date_added, item_notes) VALUES ('16', '115', '2005-05-16', 'Catalogue highlight');
INSERT INTO collection_items (collection_id, artwork_id, date_added, item_notes) VALUES ('12', '19', '2025-11-20', 'Anchor work');
INSERT INTO collection_items (collection_id, artwork_id, date_added, item_notes) VALUES ('18', '141', '2014-04-25', 'Recent acquisition');
INSERT INTO collection_items (collection_id, artwork_id, date_added, item_notes) VALUES ('3', '52', '2019-11-20', 'Donated piece');
INSERT INTO collection_items (collection_id, artwork_id, date_added, item_notes) VALUES ('14', '59', '2020-09-16', 'Catalogue highlight');
INSERT INTO collection_items (collection_id, artwork_id, date_added, item_notes) VALUES ('5', '35', '2009-06-29', 'Catalogue highlight');
INSERT INTO collection_items (collection_id, artwork_id, date_added, item_notes) VALUES ('7', '43', '2015-03-09', 'Donated piece');
INSERT INTO collection_items (collection_id, artwork_id, date_added, item_notes) VALUES ('8', '14', '2018-09-23', 'Recent acquisition');
INSERT INTO collection_items (collection_id, artwork_id, date_added, item_notes) VALUES ('7', '171', '2011-10-17', '');
INSERT INTO collection_items (collection_id, artwork_id, date_added, item_notes) VALUES ('6', '129', '2015-03-23', 'Anchor work');
INSERT INTO collection_items (collection_id, artwork_id, date_added, item_notes) VALUES ('9', '151', '2018-06-30', 'Catalogue highlight');
INSERT INTO collection_items (collection_id, artwork_id, date_added, item_notes) VALUES ('12', '124', '2010-11-20', 'Anchor work');
INSERT INTO collection_items (collection_id, artwork_id, date_added, item_notes) VALUES ('5', '127', '2016-06-20', 'Catalogue highlight');
INSERT INTO collection_items (collection_id, artwork_id, date_added, item_notes) VALUES ('14', '4', '2010-04-11', 'Recent acquisition');
INSERT INTO collection_items (collection_id, artwork_id, date_added, item_notes) VALUES ('10', '52', '2022-04-08', 'Anchor work');
INSERT INTO collection_items (collection_id, artwork_id, date_added, item_notes) VALUES ('3', '180', '2024-03-31', 'Catalogue highlight');
INSERT INTO collection_items (collection_id, artwork_id, date_added, item_notes) VALUES ('7', '126', '2023-11-02', 'On long-term loan');
INSERT INTO collection_items (collection_id, artwork_id, date_added, item_notes) VALUES ('2', '86', '2019-10-31', '');
INSERT INTO collection_items (collection_id, artwork_id, date_added, item_notes) VALUES ('5', '34', '2007-08-26', 'Donated piece');
INSERT INTO collection_items (collection_id, artwork_id, date_added, item_notes) VALUES ('15', '78', '2022-09-16', 'Recent acquisition');
INSERT INTO collection_items (collection_id, artwork_id, date_added, item_notes) VALUES ('3', '150', '2017-02-06', '');
INSERT INTO collection_items (collection_id, artwork_id, date_added, item_notes) VALUES ('7', '85', '2018-03-11', 'Donated piece');
INSERT INTO collection_items (collection_id, artwork_id, date_added, item_notes) VALUES ('3', '105', '2017-12-09', 'On long-term loan');
INSERT INTO collection_items (collection_id, artwork_id, date_added, item_notes) VALUES ('7', '87', '2008-09-21', '');
INSERT INTO collection_items (collection_id, artwork_id, date_added, item_notes) VALUES ('3', '147', '2016-02-20', '');
INSERT INTO collection_items (collection_id, artwork_id, date_added, item_notes) VALUES ('16', '168', '2012-03-08', 'Recent acquisition');
INSERT INTO collection_items (collection_id, artwork_id, date_added, item_notes) VALUES ('10', '152', '2019-07-08', 'Anchor work');
INSERT INTO collection_items (collection_id, artwork_id, date_added, item_notes) VALUES ('1', '79', '2011-07-28', '');
INSERT INTO collection_items (collection_id, artwork_id, date_added, item_notes) VALUES ('16', '110', '2010-10-20', 'Catalogue highlight');
INSERT INTO collection_items (collection_id, artwork_id, date_added, item_notes) VALUES ('7', '176', '2015-08-26', '');
INSERT INTO collection_items (collection_id, artwork_id, date_added, item_notes) VALUES ('8', '124', '2024-09-02', '');
INSERT INTO collection_items (collection_id, artwork_id, date_added, item_notes) VALUES ('2', '77', '2007-06-23', 'Catalogue highlight');
INSERT INTO collection_items (collection_id, artwork_id, date_added, item_notes) VALUES ('13', '28', '2008-01-06', '');
INSERT INTO collection_items (collection_id, artwork_id, date_added, item_notes) VALUES ('12', '46', '2020-04-20', 'Donated piece');
INSERT INTO collection_items (collection_id, artwork_id, date_added, item_notes) VALUES ('9', '85', '2007-05-17', 'Catalogue highlight');
INSERT INTO collection_items (collection_id, artwork_id, date_added, item_notes) VALUES ('1', '8', '2023-05-20', 'Donated piece');
INSERT INTO collection_items (collection_id, artwork_id, date_added, item_notes) VALUES ('1', '175', '2011-04-27', 'Donated piece');
INSERT INTO collection_items (collection_id, artwork_id, date_added, item_notes) VALUES ('12', '99', '2013-01-24', 'Anchor work');
INSERT INTO collection_items (collection_id, artwork_id, date_added, item_notes) VALUES ('2', '166', '2025-10-18', 'On long-term loan');
INSERT INTO collection_items (collection_id, artwork_id, date_added, item_notes) VALUES ('18', '23', '2017-09-05', 'Anchor work');
INSERT INTO collection_items (collection_id, artwork_id, date_added, item_notes) VALUES ('16', '95', '2023-05-16', 'On long-term loan');
INSERT INTO collection_items (collection_id, artwork_id, date_added, item_notes) VALUES ('12', '88', '2017-06-22', '');
INSERT INTO collection_items (collection_id, artwork_id, date_added, item_notes) VALUES ('13', '161', '2018-11-13', 'Anchor work');
INSERT INTO collection_items (collection_id, artwork_id, date_added, item_notes) VALUES ('9', '152', '2020-09-20', 'Catalogue highlight');
INSERT INTO collection_items (collection_id, artwork_id, date_added, item_notes) VALUES ('10', '158', '2011-07-08', 'Recent acquisition');
INSERT INTO collection_items (collection_id, artwork_id, date_added, item_notes) VALUES ('14', '130', '2016-08-25', 'On long-term loan');
INSERT INTO collection_items (collection_id, artwork_id, date_added, item_notes) VALUES ('10', '64', '2019-10-25', '');
INSERT INTO collection_items (collection_id, artwork_id, date_added, item_notes) VALUES ('18', '3', '2012-03-18', 'Recent acquisition');
INSERT INTO collection_items (collection_id, artwork_id, date_added, item_notes) VALUES ('5', '134', '2014-02-03', 'On long-term loan');
INSERT INTO collection_items (collection_id, artwork_id, date_added, item_notes) VALUES ('14', '169', '2007-07-04', 'On long-term loan');
INSERT INTO collection_items (collection_id, artwork_id, date_added, item_notes) VALUES ('16', '62', '2025-09-04', 'Recent acquisition');
INSERT INTO collection_items (collection_id, artwork_id, date_added, item_notes) VALUES ('8', '28', '2009-10-27', 'Catalogue highlight');
INSERT INTO collection_items (collection_id, artwork_id, date_added, item_notes) VALUES ('10', '129', '2013-11-12', 'Donated piece');
INSERT INTO collection_items (collection_id, artwork_id, date_added, item_notes) VALUES ('9', '98', '2006-04-25', 'On long-term loan');
INSERT INTO collection_items (collection_id, artwork_id, date_added, item_notes) VALUES ('8', '176', '2016-01-02', 'Catalogue highlight');
INSERT INTO collection_items (collection_id, artwork_id, date_added, item_notes) VALUES ('18', '25', '2019-10-20', 'Catalogue highlight');
INSERT INTO collection_items (collection_id, artwork_id, date_added, item_notes) VALUES ('3', '13', '2012-02-07', '');
INSERT INTO collection_items (collection_id, artwork_id, date_added, item_notes) VALUES ('17', '66', '2010-04-09', 'Anchor work');
INSERT INTO collection_items (collection_id, artwork_id, date_added, item_notes) VALUES ('2', '171', '2014-02-01', '');
INSERT INTO collection_items (collection_id, artwork_id, date_added, item_notes) VALUES ('14', '178', '2006-06-27', 'Catalogue highlight');
INSERT INTO collection_items (collection_id, artwork_id, date_added, item_notes) VALUES ('18', '159', '2025-02-07', 'Catalogue highlight');
INSERT INTO collection_items (collection_id, artwork_id, date_added, item_notes) VALUES ('3', '40', '2017-10-27', 'On long-term loan');
INSERT INTO collection_items (collection_id, artwork_id, date_added, item_notes) VALUES ('14', '29', '2016-06-25', 'Recent acquisition');
INSERT INTO collection_items (collection_id, artwork_id, date_added, item_notes) VALUES ('3', '88', '2015-06-06', 'Recent acquisition');
INSERT INTO collection_items (collection_id, artwork_id, date_added, item_notes) VALUES ('8', '132', '2018-09-12', 'Recent acquisition');
INSERT INTO collection_items (collection_id, artwork_id, date_added, item_notes) VALUES ('14', '37', '2011-08-16', 'Recent acquisition');
INSERT INTO collection_items (collection_id, artwork_id, date_added, item_notes) VALUES ('17', '121', '2010-09-27', 'Anchor work');
INSERT INTO collection_items (collection_id, artwork_id, date_added, item_notes) VALUES ('18', '124', '2017-10-30', 'Donated piece');
INSERT INTO collection_items (collection_id, artwork_id, date_added, item_notes) VALUES ('3', '50', '2021-02-01', 'Anchor work');
INSERT INTO collection_items (collection_id, artwork_id, date_added, item_notes) VALUES ('12', '150', '2012-10-07', 'On long-term loan');
INSERT INTO collection_items (collection_id, artwork_id, date_added, item_notes) VALUES ('2', '68', '2007-06-30', 'Catalogue highlight');
INSERT INTO collection_items (collection_id, artwork_id, date_added, item_notes) VALUES ('4', '109', '2017-12-07', 'Catalogue highlight');
INSERT INTO collection_items (collection_id, artwork_id, date_added, item_notes) VALUES ('2', '13', '2025-01-19', 'Catalogue highlight');
INSERT INTO collection_items (collection_id, artwork_id, date_added, item_notes) VALUES ('13', '56', '2017-12-28', '');
INSERT INTO collection_items (collection_id, artwork_id, date_added, item_notes) VALUES ('16', '34', '2018-11-15', 'Recent acquisition');
INSERT INTO collection_items (collection_id, artwork_id, date_added, item_notes) VALUES ('9', '70', '2011-09-22', 'Anchor work');
INSERT INTO collection_items (collection_id, artwork_id, date_added, item_notes) VALUES ('13', '4', '2020-09-01', 'Anchor work');
INSERT INTO collection_items (collection_id, artwork_id, date_added, item_notes) VALUES ('17', '26', '2017-11-26', 'Recent acquisition');
INSERT INTO collection_items (collection_id, artwork_id, date_added, item_notes) VALUES ('17', '172', '2015-04-05', 'On long-term loan');
INSERT INTO collection_items (collection_id, artwork_id, date_added, item_notes) VALUES ('8', '19', '2008-08-31', 'Donated piece');
INSERT INTO collection_items (collection_id, artwork_id, date_added, item_notes) VALUES ('17', '79', '2005-11-14', 'Anchor work');
INSERT INTO collection_items (collection_id, artwork_id, date_added, item_notes) VALUES ('16', '92', '2022-06-09', '');
INSERT INTO collection_items (collection_id, artwork_id, date_added, item_notes) VALUES ('6', '72', '2025-12-19', '');
INSERT INTO collection_items (collection_id, artwork_id, date_added, item_notes) VALUES ('14', '13', '2017-11-27', 'Catalogue highlight');
INSERT INTO collection_items (collection_id, artwork_id, date_added, item_notes) VALUES ('4', '3', '2018-12-27', 'Catalogue highlight');
INSERT INTO collection_items (collection_id, artwork_id, date_added, item_notes) VALUES ('1', '59', '2016-12-27', 'Donated piece');
INSERT INTO collection_items (collection_id, artwork_id, date_added, item_notes) VALUES ('10', '179', '2009-10-29', '');
INSERT INTO collection_items (collection_id, artwork_id, date_added, item_notes) VALUES ('15', '134', '2019-01-03', 'Donated piece');
INSERT INTO collection_items (collection_id, artwork_id, date_added, item_notes) VALUES ('15', '34', '2012-04-05', 'Recent acquisition');
INSERT INTO collection_items (collection_id, artwork_id, date_added, item_notes) VALUES ('13', '44', '2010-12-23', 'Anchor work');
INSERT INTO collection_items (collection_id, artwork_id, date_added, item_notes) VALUES ('2', '97', '2023-11-29', 'Recent acquisition');
INSERT INTO collection_items (collection_id, artwork_id, date_added, item_notes) VALUES ('1', '113', '2009-12-23', 'Recent acquisition');
INSERT INTO collection_items (collection_id, artwork_id, date_added, item_notes) VALUES ('17', '81', '2020-12-30', 'Recent acquisition');
INSERT INTO collection_items (collection_id, artwork_id, date_added, item_notes) VALUES ('2', '136', '2006-05-27', 'Anchor work');
INSERT INTO collection_items (collection_id, artwork_id, date_added, item_notes) VALUES ('9', '142', '2008-01-02', '');
INSERT INTO collection_items (collection_id, artwork_id, date_added, item_notes) VALUES ('5', '130', '2017-05-06', 'Donated piece');
INSERT INTO collection_items (collection_id, artwork_id, date_added, item_notes) VALUES ('13', '157', '2013-09-25', '');
INSERT INTO collection_items (collection_id, artwork_id, date_added, item_notes) VALUES ('8', '31', '2021-03-02', '');
INSERT INTO collection_items (collection_id, artwork_id, date_added, item_notes) VALUES ('9', '42', '2019-06-14', 'On long-term loan');
INSERT INTO collection_items (collection_id, artwork_id, date_added, item_notes) VALUES ('17', '41', '2015-08-29', 'On long-term loan');
INSERT INTO collection_items (collection_id, artwork_id, date_added, item_notes) VALUES ('17', '53', '2020-05-28', 'Recent acquisition');
INSERT INTO collection_items (collection_id, artwork_id, date_added, item_notes) VALUES ('1', '148', '2018-03-30', 'Catalogue highlight');
INSERT INTO collection_items (collection_id, artwork_id, date_added, item_notes) VALUES ('5', '31', '2020-12-18', 'Catalogue highlight');
INSERT INTO collection_items (collection_id, artwork_id, date_added, item_notes) VALUES ('1', '86', '2025-06-07', 'Catalogue highlight');
INSERT INTO collection_items (collection_id, artwork_id, date_added, item_notes) VALUES ('4', '78', '2011-01-28', '');
INSERT INTO collection_items (collection_id, artwork_id, date_added, item_notes) VALUES ('10', '159', '2006-05-18', 'Catalogue highlight');
INSERT INTO collection_items (collection_id, artwork_id, date_added, item_notes) VALUES ('8', '177', '2017-04-28', '');
INSERT INTO collection_items (collection_id, artwork_id, date_added, item_notes) VALUES ('5', '51', '2025-12-14', 'On long-term loan');
INSERT INTO collection_items (collection_id, artwork_id, date_added, item_notes) VALUES ('11', '82', '2007-05-24', 'Recent acquisition');
INSERT INTO collection_items (collection_id, artwork_id, date_added, item_notes) VALUES ('18', '102', '2019-12-12', 'Recent acquisition');
INSERT INTO collection_items (collection_id, artwork_id, date_added, item_notes) VALUES ('16', '161', '2020-12-22', 'Catalogue highlight');
INSERT INTO collection_items (collection_id, artwork_id, date_added, item_notes) VALUES ('2', '18', '2014-01-21', 'Catalogue highlight');
INSERT INTO collection_items (collection_id, artwork_id, date_added, item_notes) VALUES ('10', '46', '2013-04-29', 'On long-term loan');
INSERT INTO collection_items (collection_id, artwork_id, date_added, item_notes) VALUES ('3', '94', '2012-11-01', 'On long-term loan');
INSERT INTO collection_items (collection_id, artwork_id, date_added, item_notes) VALUES ('15', '74', '2006-12-03', 'Catalogue highlight');
INSERT INTO collection_items (collection_id, artwork_id, date_added, item_notes) VALUES ('18', '62', '2012-12-17', 'Recent acquisition');
INSERT INTO collection_items (collection_id, artwork_id, date_added, item_notes) VALUES ('17', '86', '2025-07-25', 'Anchor work');
INSERT INTO collection_items (collection_id, artwork_id, date_added, item_notes) VALUES ('3', '115', '2014-10-23', 'Donated piece');
INSERT INTO collection_items (collection_id, artwork_id, date_added, item_notes) VALUES ('15', '61', '2005-06-25', 'Recent acquisition');
INSERT INTO collection_items (collection_id, artwork_id, date_added, item_notes) VALUES ('11', '7', '2008-01-21', 'Recent acquisition');
INSERT INTO collection_items (collection_id, artwork_id, date_added, item_notes) VALUES ('18', '142', '2020-03-11', 'Catalogue highlight');
INSERT INTO collection_items (collection_id, artwork_id, date_added, item_notes) VALUES ('11', '69', '2020-11-23', 'Catalogue highlight');
INSERT INTO collection_items (collection_id, artwork_id, date_added, item_notes) VALUES ('14', '14', '2020-02-09', 'On long-term loan');
INSERT INTO collection_items (collection_id, artwork_id, date_added, item_notes) VALUES ('4', '97', '2018-10-12', '');
INSERT INTO collection_items (collection_id, artwork_id, date_added, item_notes) VALUES ('10', '156', '2008-10-05', 'On long-term loan');
INSERT INTO collection_items (collection_id, artwork_id, date_added, item_notes) VALUES ('16', '87', '2025-01-07', 'Donated piece');
INSERT INTO collection_items (collection_id, artwork_id, date_added, item_notes) VALUES ('11', '117', '2006-12-29', 'Recent acquisition');
INSERT INTO collection_items (collection_id, artwork_id, date_added, item_notes) VALUES ('1', '150', '2014-04-21', 'Catalogue highlight');
INSERT INTO collection_items (collection_id, artwork_id, date_added, item_notes) VALUES ('15', '107', '2016-11-30', 'Donated piece');
INSERT INTO collection_items (collection_id, artwork_id, date_added, item_notes) VALUES ('13', '48', '2008-05-10', 'Anchor work');
INSERT INTO collection_items (collection_id, artwork_id, date_added, item_notes) VALUES ('6', '49', '2008-02-16', 'Catalogue highlight');
INSERT INTO collection_items (collection_id, artwork_id, date_added, item_notes) VALUES ('5', '163', '2021-04-16', 'Recent acquisition');
INSERT INTO collection_items (collection_id, artwork_id, date_added, item_notes) VALUES ('10', '53', '2024-01-19', '');
INSERT INTO collection_items (collection_id, artwork_id, date_added, item_notes) VALUES ('17', '149', '2015-08-29', 'Anchor work');
INSERT INTO collection_items (collection_id, artwork_id, date_added, item_notes) VALUES ('15', '148', '2018-09-06', 'Catalogue highlight');
INSERT INTO collection_items (collection_id, artwork_id, date_added, item_notes) VALUES ('18', '49', '2020-02-20', 'On long-term loan');
INSERT INTO collection_items (collection_id, artwork_id, date_added, item_notes) VALUES ('8', '168', '2017-03-19', 'Recent acquisition');
INSERT INTO collection_items (collection_id, artwork_id, date_added, item_notes) VALUES ('9', '40', '2008-09-30', 'Catalogue highlight');
INSERT INTO collection_items (collection_id, artwork_id, date_added, item_notes) VALUES ('13', '132', '2025-04-14', 'Recent acquisition');
INSERT INTO collection_items (collection_id, artwork_id, date_added, item_notes) VALUES ('14', '117', '2022-02-14', 'Catalogue highlight');
INSERT INTO collection_items (collection_id, artwork_id, date_added, item_notes) VALUES ('9', '66', '2017-06-29', 'Donated piece');
INSERT INTO collection_items (collection_id, artwork_id, date_added, item_notes) VALUES ('14', '136', '2015-12-12', '');
INSERT INTO collection_items (collection_id, artwork_id, date_added, item_notes) VALUES ('15', '151', '2012-02-01', 'Anchor work');
INSERT INTO collection_items (collection_id, artwork_id, date_added, item_notes) VALUES ('8', '170', '2022-06-30', 'Catalogue highlight');
INSERT INTO collection_items (collection_id, artwork_id, date_added, item_notes) VALUES ('9', '170', '2014-04-23', 'Recent acquisition');
INSERT INTO collection_items (collection_id, artwork_id, date_added, item_notes) VALUES ('8', '11', '2017-05-25', 'On long-term loan');
INSERT INTO collection_items (collection_id, artwork_id, date_added, item_notes) VALUES ('14', '176', '2008-06-10', 'Anchor work');
INSERT INTO collection_items (collection_id, artwork_id, date_added, item_notes) VALUES ('10', '172', '2010-07-23', 'Anchor work');
INSERT INTO collection_items (collection_id, artwork_id, date_added, item_notes) VALUES ('15', '10', '2024-12-05', 'On long-term loan');
INSERT INTO collection_items (collection_id, artwork_id, date_added, item_notes) VALUES ('8', '57', '2012-01-10', 'Recent acquisition');
INSERT INTO collection_items (collection_id, artwork_id, date_added, item_notes) VALUES ('7', '103', '2009-12-01', 'Donated piece');
INSERT INTO collection_items (collection_id, artwork_id, date_added, item_notes) VALUES ('15', '70', '2022-04-24', 'Catalogue highlight');
INSERT INTO collection_items (collection_id, artwork_id, date_added, item_notes) VALUES ('6', '31', '2021-07-21', '');
INSERT INTO collection_items (collection_id, artwork_id, date_added, item_notes) VALUES ('9', '27', '2017-01-15', 'On long-term loan');
INSERT INTO collection_items (collection_id, artwork_id, date_added, item_notes) VALUES ('1', '149', '2024-05-15', 'Recent acquisition');
INSERT INTO collection_items (collection_id, artwork_id, date_added, item_notes) VALUES ('5', '137', '2013-08-10', '');
INSERT INTO collection_items (collection_id, artwork_id, date_added, item_notes) VALUES ('13', '1', '2016-03-26', 'Anchor work');
INSERT INTO collection_items (collection_id, artwork_id, date_added, item_notes) VALUES ('17', '25', '2012-10-19', 'Donated piece');
INSERT INTO collection_items (collection_id, artwork_id, date_added, item_notes) VALUES ('10', '136', '2014-09-22', 'Anchor work');
INSERT INTO collection_items (collection_id, artwork_id, date_added, item_notes) VALUES ('16', '26', '2010-09-20', 'Catalogue highlight');
INSERT INTO collection_items (collection_id, artwork_id, date_added, item_notes) VALUES ('3', '92', '2014-01-21', '');
INSERT INTO collection_items (collection_id, artwork_id, date_added, item_notes) VALUES ('9', '12', '2006-09-12', 'Anchor work');
INSERT INTO collection_items (collection_id, artwork_id, date_added, item_notes) VALUES ('10', '175', '2023-05-23', 'Donated piece');
INSERT INTO collection_items (collection_id, artwork_id, date_added, item_notes) VALUES ('18', '36', '2006-04-01', 'On long-term loan');
INSERT INTO collection_items (collection_id, artwork_id, date_added, item_notes) VALUES ('9', '178', '2022-09-25', 'Recent acquisition');
INSERT INTO collection_items (collection_id, artwork_id, date_added, item_notes) VALUES ('3', '176', '2025-11-28', 'Anchor work');
INSERT INTO collection_items (collection_id, artwork_id, date_added, item_notes) VALUES ('10', '31', '2007-01-10', 'Anchor work');
INSERT INTO collection_items (collection_id, artwork_id, date_added, item_notes) VALUES ('7', '33', '2010-07-17', 'Recent acquisition');
INSERT INTO collection_items (collection_id, artwork_id, date_added, item_notes) VALUES ('2', '165', '2009-12-22', 'On long-term loan');
INSERT INTO collection_items (collection_id, artwork_id, date_added, item_notes) VALUES ('3', '63', '2025-06-25', '');
INSERT INTO collection_items (collection_id, artwork_id, date_added, item_notes) VALUES ('1', '53', '2009-05-20', 'Recent acquisition');
INSERT INTO collection_items (collection_id, artwork_id, date_added, item_notes) VALUES ('1', '107', '2014-06-16', 'On long-term loan');
INSERT INTO collection_items (collection_id, artwork_id, date_added, item_notes) VALUES ('15', '173', '2017-10-10', 'Donated piece');
INSERT INTO collection_items (collection_id, artwork_id, date_added, item_notes) VALUES ('3', '143', '2024-04-21', 'Catalogue highlight');
INSERT INTO collection_items (collection_id, artwork_id, date_added, item_notes) VALUES ('18', '162', '2018-12-29', 'Catalogue highlight');
INSERT INTO collection_items (collection_id, artwork_id, date_added, item_notes) VALUES ('5', '179', '2020-06-23', 'On long-term loan');
INSERT INTO collection_items (collection_id, artwork_id, date_added, item_notes) VALUES ('2', '155', '2005-06-10', 'Donated piece');
INSERT INTO collection_items (collection_id, artwork_id, date_added, item_notes) VALUES ('10', '45', '2009-12-02', 'On long-term loan');
INSERT INTO collection_items (collection_id, artwork_id, date_added, item_notes) VALUES ('14', '174', '2008-04-10', 'Anchor work');
INSERT INTO collection_items (collection_id, artwork_id, date_added, item_notes) VALUES ('7', '118', '2008-05-20', 'Catalogue highlight');
INSERT INTO collection_items (collection_id, artwork_id, date_added, item_notes) VALUES ('7', '28', '2019-07-28', 'Recent acquisition');
INSERT INTO collection_items (collection_id, artwork_id, date_added, item_notes) VALUES ('1', '75', '2011-02-12', 'Anchor work');
INSERT INTO collection_items (collection_id, artwork_id, date_added, item_notes) VALUES ('15', '63', '2010-10-08', 'Anchor work');
INSERT INTO collection_items (collection_id, artwork_id, date_added, item_notes) VALUES ('5', '95', '2021-12-06', 'Donated piece');
INSERT INTO collection_items (collection_id, artwork_id, date_added, item_notes) VALUES ('6', '159', '2016-10-16', 'Anchor work');
INSERT INTO collection_items (collection_id, artwork_id, date_added, item_notes) VALUES ('12', '8', '2018-02-17', 'On long-term loan');
INSERT INTO collection_items (collection_id, artwork_id, date_added, item_notes) VALUES ('9', '166', '2022-04-04', 'On long-term loan');
INSERT INTO collection_items (collection_id, artwork_id, date_added, item_notes) VALUES ('9', '45', '2015-03-09', 'Donated piece');
INSERT INTO collection_items (collection_id, artwork_id, date_added, item_notes) VALUES ('2', '113', '2009-08-10', 'Recent acquisition');
INSERT INTO collection_items (collection_id, artwork_id, date_added, item_notes) VALUES ('9', '81', '2018-04-08', '');
INSERT INTO collection_items (collection_id, artwork_id, date_added, item_notes) VALUES ('17', '152', '2025-03-24', 'Donated piece');

-- exhibitions
INSERT INTO exhibitions (exhibition_id, name, start_date, end_date, location_id, description) VALUES (1, 'Material Memory', '2013-07-29', '2013-08-31', '27', 'Send what lay admit white cultural professor magazine our federal.');
INSERT INTO exhibitions (exhibition_id, name, start_date, end_date, location_id, description) VALUES (2, 'Material Memory', '2023-11-15', '2024-01-18', '23', 'Suddenly number ten word teacher expect eat item thank half often.');
INSERT INTO exhibitions (exhibition_id, name, start_date, end_date, location_id, description) VALUES (3, 'Material Memory', '2011-11-30', '2012-01-08', '10', 'Analysis draw next offer risk itself.');
INSERT INTO exhibitions (exhibition_id, name, start_date, end_date, location_id, description) VALUES (4, 'Urban Solitudes', '2015-06-26', '2015-07-28', '11', 'Point baby apply us born leave.');
INSERT INTO exhibitions (exhibition_id, name, start_date, end_date, location_id, description) VALUES (5, 'Northern Lines', '2011-09-02', '2011-11-27', '4', 'Trial fine people someone practice what almost general section write answer up hope.');
INSERT INTO exhibitions (exhibition_id, name, start_date, end_date, location_id, description) VALUES (6, 'Northern Lines', '2015-08-18', '2015-10-17', '10', 'Science commercial water consider finish identify government finish forward mother dinner.');
INSERT INTO exhibitions (exhibition_id, name, start_date, end_date, location_id, description) VALUES (7, 'Echoes of the City', '2018-06-04', '2018-09-23', '12', 'Particularly total into far quite report look report every sport end pay.');
INSERT INTO exhibitions (exhibition_id, name, start_date, end_date, location_id, description) VALUES (8, 'Winter Salon', '2016-07-11', '2016-10-17', '29', 'First although somebody large weight thousand.');
INSERT INTO exhibitions (exhibition_id, name, start_date, end_date, location_id, description) VALUES (9, 'Material Memory', '2013-10-03', '2013-12-16', '9', 'Trade minute wish century yes them prepare.');
INSERT INTO exhibitions (exhibition_id, name, start_date, end_date, location_id, description) VALUES (10, 'Urban Solitudes', '2016-12-17', '2017-04-12', '5', 'Or article power peace new employee central task compare.');
INSERT INTO exhibitions (exhibition_id, name, start_date, end_date, location_id, description) VALUES (11, 'Fields of Color', '2016-09-17', '2017-01-12', '19', 'Beat beyond go so case west name.');
INSERT INTO exhibitions (exhibition_id, name, start_date, end_date, location_id, description) VALUES (12, 'Light Matters', '2018-12-08', '2019-01-31', '12', 'Either explain experience card agree perform some mother skill exactly.');
INSERT INTO exhibitions (exhibition_id, name, start_date, end_date, location_id, description) VALUES (13, 'Lines & Light', '2011-12-15', '2012-03-22', '26', 'Process movie entire baby health mother law lead fast option approach.');
INSERT INTO exhibitions (exhibition_id, name, start_date, end_date, location_id, description) VALUES (14, 'Light Matters', '2013-10-31', '2014-02-07', '22', 'Think machine present around nor hand six.');
INSERT INTO exhibitions (exhibition_id, name, start_date, end_date, location_id, description) VALUES (15, 'Lines & Light', '2017-09-05', '2017-12-05', '8', 'Collection future cultural remember to brother during population.');
INSERT INTO exhibitions (exhibition_id, name, start_date, end_date, location_id, description) VALUES (16, 'Winter Salon', '2018-02-02', '2018-05-21', '9', 'Lead thought include table industry another stay believe simply.');
INSERT INTO exhibitions (exhibition_id, name, start_date, end_date, location_id, description) VALUES (17, 'Lines & Light', '2022-09-02', '2022-12-29', '26', 'Create feel able actually line information media traditional level four various star.');
INSERT INTO exhibitions (exhibition_id, name, start_date, end_date, location_id, description) VALUES (18, 'Fields of Color', '2010-12-05', '2011-01-05', '16', 'Will shoulder career professional even color tonight brother.');

-- exhibition_artworks
INSERT INTO exhibition_artworks (exhibition_id, artwork_id, display_label, notes) VALUES ('6', '76', 'Horizon (2003)', 'Editioned work on view');
INSERT INTO exhibition_artworks (exhibition_id, artwork_id, display_label, notes) VALUES ('18', '143', 'Horizon II (2001)', 'Installed opposite entry');
INSERT INTO exhibition_artworks (exhibition_id, artwork_id, display_label, notes) VALUES ('16', '132', 'Intervals (Variant) (2009)', 'Interactive demo at opening');
INSERT INTO exhibition_artworks (exhibition_id, artwork_id, display_label, notes) VALUES ('12', '178', 'Kite Forms III (1977)', '');
INSERT INTO exhibition_artworks (exhibition_id, artwork_id, display_label, notes) VALUES ('14', '6', 'Shoreline (1958)', 'Editioned work on view');
INSERT INTO exhibition_artworks (exhibition_id, artwork_id, display_label, notes) VALUES ('18', '101', 'Light Fold #2 (2004)', 'Editioned work on view');
INSERT INTO exhibition_artworks (exhibition_id, artwork_id, display_label, notes) VALUES ('2', '169', 'Pulse #2 (1990)', 'Interactive demo at opening');
INSERT INTO exhibition_artworks (exhibition_id, artwork_id, display_label, notes) VALUES ('7', '55', 'Veil I (1965)', 'Catalogue p. 101');
INSERT INTO exhibition_artworks (exhibition_id, artwork_id, display_label, notes) VALUES ('2', '26', 'Shoreline (1975)', 'Interactive demo at opening');
INSERT INTO exhibition_artworks (exhibition_id, artwork_id, display_label, notes) VALUES ('5', '7', 'Cities #2 (1990)', '');
INSERT INTO exhibition_artworks (exhibition_id, artwork_id, display_label, notes) VALUES ('3', '110', 'Shoreline (1993)', 'Editioned work on view');
INSERT INTO exhibition_artworks (exhibition_id, artwork_id, display_label, notes) VALUES ('5', '177', 'Pulse #2 (1983)', 'Catalogue p. 136');
INSERT INTO exhibition_artworks (exhibition_id, artwork_id, display_label, notes) VALUES ('6', '160', 'Blue Drift (1981)', '');
INSERT INTO exhibition_artworks (exhibition_id, artwork_id, display_label, notes) VALUES ('2', '124', 'Blue Drift I (1968)', 'Installed opposite entry');
INSERT INTO exhibition_artworks (exhibition_id, artwork_id, display_label, notes) VALUES ('1', '80', 'Intervals (1990)', '');
INSERT INTO exhibition_artworks (exhibition_id, artwork_id, display_label, notes) VALUES ('10', '10', 'Pulse III (1984)', 'Editioned work on view');
INSERT INTO exhibition_artworks (exhibition_id, artwork_id, display_label, notes) VALUES ('4', '135', 'Red Field (1997)', 'Editioned work on view');
INSERT INTO exhibition_artworks (exhibition_id, artwork_id, display_label, notes) VALUES ('6', '31', 'Cities I (2009)', '');
INSERT INTO exhibition_artworks (exhibition_id, artwork_id, display_label, notes) VALUES ('3', '166', 'Intervals IV (2005)', '');
INSERT INTO exhibition_artworks (exhibition_id, artwork_id, display_label, notes) VALUES ('11', '145', 'Untitled #2 (2006)', 'Catalogue p. 88');
INSERT INTO exhibition_artworks (exhibition_id, artwork_id, display_label, notes) VALUES ('5', '126', 'Veil #2 (1993)', '');
INSERT INTO exhibition_artworks (exhibition_id, artwork_id, display_label, notes) VALUES ('7', '130', 'Pulse (Variant) (1998)', 'Interactive demo at opening');
INSERT INTO exhibition_artworks (exhibition_id, artwork_id, display_label, notes) VALUES ('3', '122', 'Afterglow (2019)', '');
INSERT INTO exhibition_artworks (exhibition_id, artwork_id, display_label, notes) VALUES ('6', '61', 'Red Field (1979)', 'Editioned work on view');
INSERT INTO exhibition_artworks (exhibition_id, artwork_id, display_label, notes) VALUES ('3', '169', 'Pulse #2 (1990)', 'Installed opposite entry');
INSERT INTO exhibition_artworks (exhibition_id, artwork_id, display_label, notes) VALUES ('5', '141', 'Shoreline #1 (2007)', 'Catalogue p. 143');
INSERT INTO exhibition_artworks (exhibition_id, artwork_id, display_label, notes) VALUES ('16', '2', 'Blue Drift #1 (1975)', 'Installed opposite entry');
INSERT INTO exhibition_artworks (exhibition_id, artwork_id, display_label, notes) VALUES ('17', '179', 'Red Field IV (1966)', 'Editioned work on view');
INSERT INTO exhibition_artworks (exhibition_id, artwork_id, display_label, notes) VALUES ('16', '40', 'Veil #1 (1996)', 'Interactive demo at opening');
INSERT INTO exhibition_artworks (exhibition_id, artwork_id, display_label, notes) VALUES ('9', '35', 'Echoes III (2018)', 'Editioned work on view');
INSERT INTO exhibition_artworks (exhibition_id, artwork_id, display_label, notes) VALUES ('6', '94', 'Blue Drift (Study) (1981)', 'Editioned work on view');
INSERT INTO exhibition_artworks (exhibition_id, artwork_id, display_label, notes) VALUES ('15', '151', 'Veil IV (2012)', '');
INSERT INTO exhibition_artworks (exhibition_id, artwork_id, display_label, notes) VALUES ('7', '153', 'Light Fold #4 (1998)', 'Installed opposite entry');
INSERT INTO exhibition_artworks (exhibition_id, artwork_id, display_label, notes) VALUES ('16', '94', 'Blue Drift (Study) (1981)', 'Catalogue p. 80');
INSERT INTO exhibition_artworks (exhibition_id, artwork_id, display_label, notes) VALUES ('7', '89', 'Winter Light (1955)', 'Catalogue p. 86');
INSERT INTO exhibition_artworks (exhibition_id, artwork_id, display_label, notes) VALUES ('18', '73', 'Shoreline (2014)', 'Catalogue p. 28');
INSERT INTO exhibition_artworks (exhibition_id, artwork_id, display_label, notes) VALUES ('8', '101', 'Light Fold #2 (2004)', 'Interactive demo at opening');
INSERT INTO exhibition_artworks (exhibition_id, artwork_id, display_label, notes) VALUES ('10', '16', 'Blue Drift #4 (1988)', 'Interactive demo at opening');
INSERT INTO exhibition_artworks (exhibition_id, artwork_id, display_label, notes) VALUES ('1', '5', 'Pulse II (1955)', 'Interactive demo at opening');
INSERT INTO exhibition_artworks (exhibition_id, artwork_id, display_label, notes) VALUES ('2', '160', 'Blue Drift (1981)', 'Editioned work on view');
INSERT INTO exhibition_artworks (exhibition_id, artwork_id, display_label, notes) VALUES ('1', '29', 'Red Field #4 (1959)', 'Editioned work on view');
INSERT INTO exhibition_artworks (exhibition_id, artwork_id, display_label, notes) VALUES ('12', '105', 'Intervals III (2001)', '');
INSERT INTO exhibition_artworks (exhibition_id, artwork_id, display_label, notes) VALUES ('5', '59', 'Echoes #3 (1979)', 'Interactive demo at opening');
INSERT INTO exhibition_artworks (exhibition_id, artwork_id, display_label, notes) VALUES ('7', '141', 'Shoreline #1 (2007)', 'Installed opposite entry');
INSERT INTO exhibition_artworks (exhibition_id, artwork_id, display_label, notes) VALUES ('17', '45', 'Kite Forms (2004)', 'Interactive demo at opening');
INSERT INTO exhibition_artworks (exhibition_id, artwork_id, display_label, notes) VALUES ('8', '89', 'Winter Light (1955)', 'Editioned work on view');
INSERT INTO exhibition_artworks (exhibition_id, artwork_id, display_label, notes) VALUES ('13', '60', 'Light Fold #4 (1991)', 'Editioned work on view');
INSERT INTO exhibition_artworks (exhibition_id, artwork_id, display_label, notes) VALUES ('9', '7', 'Cities #2 (1990)', 'Interactive demo at opening');
INSERT INTO exhibition_artworks (exhibition_id, artwork_id, display_label, notes) VALUES ('9', '53', 'Pulse (1978)', 'Catalogue p. 79');
INSERT INTO exhibition_artworks (exhibition_id, artwork_id, display_label, notes) VALUES ('3', '69', 'Kite Forms IV (2005)', 'Interactive demo at opening');
INSERT INTO exhibition_artworks (exhibition_id, artwork_id, display_label, notes) VALUES ('9', '151', 'Veil IV (2012)', 'Catalogue p. 62');
INSERT INTO exhibition_artworks (exhibition_id, artwork_id, display_label, notes) VALUES ('4', '97', 'Grid Variations (1960)', 'Catalogue p. 48');
INSERT INTO exhibition_artworks (exhibition_id, artwork_id, display_label, notes) VALUES ('8', '137', 'Kite Forms (Study) (2004)', '');
INSERT INTO exhibition_artworks (exhibition_id, artwork_id, display_label, notes) VALUES ('5', '114', 'Blue Drift (1965)', 'Interactive demo at opening');
INSERT INTO exhibition_artworks (exhibition_id, artwork_id, display_label, notes) VALUES ('5', '46', 'Afterglow (1993)', 'Editioned work on view');
INSERT INTO exhibition_artworks (exhibition_id, artwork_id, display_label, notes) VALUES ('4', '18', 'Stone & Wire #1 (1999)', 'Interactive demo at opening');
INSERT INTO exhibition_artworks (exhibition_id, artwork_id, display_label, notes) VALUES ('12', '107', 'Intervals (1975)', '');
INSERT INTO exhibition_artworks (exhibition_id, artwork_id, display_label, notes) VALUES ('7', '92', 'Kite Forms IV (1959)', 'Interactive demo at opening');
INSERT INTO exhibition_artworks (exhibition_id, artwork_id, display_label, notes) VALUES ('18', '62', 'Light Fold III (1962)', 'Installed opposite entry');
INSERT INTO exhibition_artworks (exhibition_id, artwork_id, display_label, notes) VALUES ('16', '46', 'Afterglow (1993)', 'Interactive demo at opening');
INSERT INTO exhibition_artworks (exhibition_id, artwork_id, display_label, notes) VALUES ('1', '15', 'Afterglow (2001)', 'Interactive demo at opening');
INSERT INTO exhibition_artworks (exhibition_id, artwork_id, display_label, notes) VALUES ('14', '179', 'Red Field IV (1966)', 'Interactive demo at opening');
INSERT INTO exhibition_artworks (exhibition_id, artwork_id, display_label, notes) VALUES ('3', '161', 'Afterglow (2020)', 'Editioned work on view');
INSERT INTO exhibition_artworks (exhibition_id, artwork_id, display_label, notes) VALUES ('17', '55', 'Veil I (1965)', 'Interactive demo at opening');
INSERT INTO exhibition_artworks (exhibition_id, artwork_id, display_label, notes) VALUES ('4', '123', 'Winter Light (1993)', 'Catalogue p. 32');
INSERT INTO exhibition_artworks (exhibition_id, artwork_id, display_label, notes) VALUES ('5', '98', 'Light Fold (1979)', 'Interactive demo at opening');
INSERT INTO exhibition_artworks (exhibition_id, artwork_id, display_label, notes) VALUES ('17', '100', 'Intervals (2021)', 'Interactive demo at opening');
INSERT INTO exhibition_artworks (exhibition_id, artwork_id, display_label, notes) VALUES ('15', '76', 'Horizon (2003)', 'Editioned work on view');
INSERT INTO exhibition_artworks (exhibition_id, artwork_id, display_label, notes) VALUES ('11', '11', 'Blue Drift #2 (1973)', 'Installed opposite entry');
INSERT INTO exhibition_artworks (exhibition_id, artwork_id, display_label, notes) VALUES ('9', '164', 'Afterglow I (2016)', 'Catalogue p. 8');
INSERT INTO exhibition_artworks (exhibition_id, artwork_id, display_label, notes) VALUES ('9', '131', 'Light Fold (1957)', 'Catalogue p. 65');
INSERT INTO exhibition_artworks (exhibition_id, artwork_id, display_label, notes) VALUES ('17', '99', 'Light Fold #4 (1983)', 'Catalogue p. 79');
INSERT INTO exhibition_artworks (exhibition_id, artwork_id, display_label, notes) VALUES ('7', '115', 'Grid Variations II (1999)', '');
INSERT INTO exhibition_artworks (exhibition_id, artwork_id, display_label, notes) VALUES ('6', '106', 'Kite Forms (Variant) (1956)', 'Interactive demo at opening');
INSERT INTO exhibition_artworks (exhibition_id, artwork_id, display_label, notes) VALUES ('14', '139', 'Untitled #2 (1970)', 'Installed opposite entry');
INSERT INTO exhibition_artworks (exhibition_id, artwork_id, display_label, notes) VALUES ('1', '131', 'Light Fold (1957)', '');
INSERT INTO exhibition_artworks (exhibition_id, artwork_id, display_label, notes) VALUES ('18', '104', 'Light Fold IV (1972)', '');
INSERT INTO exhibition_artworks (exhibition_id, artwork_id, display_label, notes) VALUES ('7', '113', 'Shoreline #4 (2014)', 'Catalogue p. 135');
INSERT INTO exhibition_artworks (exhibition_id, artwork_id, display_label, notes) VALUES ('2', '71', 'Grid Variations #4 (2007)', 'Interactive demo at opening');
INSERT INTO exhibition_artworks (exhibition_id, artwork_id, display_label, notes) VALUES ('11', '156', 'Pulse (Variant) (1956)', '');
INSERT INTO exhibition_artworks (exhibition_id, artwork_id, display_label, notes) VALUES ('11', '67', 'Grid Variations (1966)', '');
INSERT INTO exhibition_artworks (exhibition_id, artwork_id, display_label, notes) VALUES ('15', '152', 'Blue Drift (2004)', 'Installed opposite entry');
INSERT INTO exhibition_artworks (exhibition_id, artwork_id, display_label, notes) VALUES ('7', '29', 'Red Field #4 (1959)', 'Catalogue p. 60');
INSERT INTO exhibition_artworks (exhibition_id, artwork_id, display_label, notes) VALUES ('10', '161', 'Afterglow (2020)', 'Installed opposite entry');
INSERT INTO exhibition_artworks (exhibition_id, artwork_id, display_label, notes) VALUES ('5', '144', 'Stone & Wire I (1991)', 'Installed opposite entry');
INSERT INTO exhibition_artworks (exhibition_id, artwork_id, display_label, notes) VALUES ('2', '104', 'Light Fold IV (1972)', '');
INSERT INTO exhibition_artworks (exhibition_id, artwork_id, display_label, notes) VALUES ('14', '136', 'Stone & Wire (Study) (1963)', 'Interactive demo at opening');
INSERT INTO exhibition_artworks (exhibition_id, artwork_id, display_label, notes) VALUES ('1', '7', 'Cities #2 (1990)', 'Catalogue p. 18');
INSERT INTO exhibition_artworks (exhibition_id, artwork_id, display_label, notes) VALUES ('3', '149', 'Blue Drift #3 (1962)', 'Installed opposite entry');
INSERT INTO exhibition_artworks (exhibition_id, artwork_id, display_label, notes) VALUES ('9', '106', 'Kite Forms (Variant) (1956)', 'Installed opposite entry');
INSERT INTO exhibition_artworks (exhibition_id, artwork_id, display_label, notes) VALUES ('14', '92', 'Kite Forms IV (1959)', 'Editioned work on view');
INSERT INTO exhibition_artworks (exhibition_id, artwork_id, display_label, notes) VALUES ('18', '68', 'Pulse (1979)', '');
INSERT INTO exhibition_artworks (exhibition_id, artwork_id, display_label, notes) VALUES ('18', '31', 'Cities I (2009)', 'Installed opposite entry');
INSERT INTO exhibition_artworks (exhibition_id, artwork_id, display_label, notes) VALUES ('5', '77', 'Grid Variations (1989)', '');
INSERT INTO exhibition_artworks (exhibition_id, artwork_id, display_label, notes) VALUES ('13', '113', 'Shoreline #4 (2014)', '');
INSERT INTO exhibition_artworks (exhibition_id, artwork_id, display_label, notes) VALUES ('16', '137', 'Kite Forms (Study) (2004)', 'Installed opposite entry');
INSERT INTO exhibition_artworks (exhibition_id, artwork_id, display_label, notes) VALUES ('15', '40', 'Veil #1 (1996)', 'Interactive demo at opening');
INSERT INTO exhibition_artworks (exhibition_id, artwork_id, display_label, notes) VALUES ('6', '93', 'Pulse (Study) (2019)', 'Editioned work on view');
INSERT INTO exhibition_artworks (exhibition_id, artwork_id, display_label, notes) VALUES ('5', '105', 'Intervals III (2001)', 'Editioned work on view');
INSERT INTO exhibition_artworks (exhibition_id, artwork_id, display_label, notes) VALUES ('8', '157', 'Pulse (1993)', 'Interactive demo at opening');
INSERT INTO exhibition_artworks (exhibition_id, artwork_id, display_label, notes) VALUES ('17', '12', 'Winter Light #2 (1971)', 'Editioned work on view');
INSERT INTO exhibition_artworks (exhibition_id, artwork_id, display_label, notes) VALUES ('10', '133', 'Horizon #2 (1976)', 'Editioned work on view');
INSERT INTO exhibition_artworks (exhibition_id, artwork_id, display_label, notes) VALUES ('11', '113', 'Shoreline #4 (2014)', '');
INSERT INTO exhibition_artworks (exhibition_id, artwork_id, display_label, notes) VALUES ('14', '29', 'Red Field #4 (1959)', 'Editioned work on view');
INSERT INTO exhibition_artworks (exhibition_id, artwork_id, display_label, notes) VALUES ('7', '83', 'Pulse (1980)', 'Editioned work on view');
INSERT INTO exhibition_artworks (exhibition_id, artwork_id, display_label, notes) VALUES ('3', '2', 'Blue Drift #1 (1975)', 'Catalogue p. 139');
INSERT INTO exhibition_artworks (exhibition_id, artwork_id, display_label, notes) VALUES ('17', '155', 'Shoreline (1999)', '');
INSERT INTO exhibition_artworks (exhibition_id, artwork_id, display_label, notes) VALUES ('15', '143', 'Horizon II (2001)', 'Installed opposite entry');
INSERT INTO exhibition_artworks (exhibition_id, artwork_id, display_label, notes) VALUES ('18', '165', 'Intervals (1999)', 'Editioned work on view');
INSERT INTO exhibition_artworks (exhibition_id, artwork_id, display_label, notes) VALUES ('8', '26', 'Shoreline (1975)', '');
INSERT INTO exhibition_artworks (exhibition_id, artwork_id, display_label, notes) VALUES ('12', '147', 'Light Fold (1990)', 'Editioned work on view');
INSERT INTO exhibition_artworks (exhibition_id, artwork_id, display_label, notes) VALUES ('5', '123', 'Winter Light (1993)', 'Interactive demo at opening');
INSERT INTO exhibition_artworks (exhibition_id, artwork_id, display_label, notes) VALUES ('6', '72', 'Untitled (1968)', 'Catalogue p. 96');
INSERT INTO exhibition_artworks (exhibition_id, artwork_id, display_label, notes) VALUES ('12', '87', 'Blue Drift (2024)', '');
INSERT INTO exhibition_artworks (exhibition_id, artwork_id, display_label, notes) VALUES ('12', '29', 'Red Field #4 (1959)', 'Editioned work on view');
INSERT INTO exhibition_artworks (exhibition_id, artwork_id, display_label, notes) VALUES ('12', '52', 'Red Field (1962)', 'Catalogue p. 138');
INSERT INTO exhibition_artworks (exhibition_id, artwork_id, display_label, notes) VALUES ('17', '170', 'Horizon II (1957)', 'Catalogue p. 128');
INSERT INTO exhibition_artworks (exhibition_id, artwork_id, display_label, notes) VALUES ('10', '152', 'Blue Drift (2004)', 'Installed opposite entry');
INSERT INTO exhibition_artworks (exhibition_id, artwork_id, display_label, notes) VALUES ('1', '122', 'Afterglow (2019)', 'Installed opposite entry');
INSERT INTO exhibition_artworks (exhibition_id, artwork_id, display_label, notes) VALUES ('17', '145', 'Untitled #2 (2006)', 'Installed opposite entry');
INSERT INTO exhibition_artworks (exhibition_id, artwork_id, display_label, notes) VALUES ('5', '42', 'Stone & Wire (1987)', 'Editioned work on view');
INSERT INTO exhibition_artworks (exhibition_id, artwork_id, display_label, notes) VALUES ('6', '74', 'Cities II (1967)', 'Editioned work on view');
INSERT INTO exhibition_artworks (exhibition_id, artwork_id, display_label, notes) VALUES ('8', '62', 'Light Fold III (1962)', 'Editioned work on view');
INSERT INTO exhibition_artworks (exhibition_id, artwork_id, display_label, notes) VALUES ('6', '130', 'Pulse (Variant) (1998)', 'Editioned work on view');
INSERT INTO exhibition_artworks (exhibition_id, artwork_id, display_label, notes) VALUES ('11', '44', 'Winter Light (1991)', 'Interactive demo at opening');
INSERT INTO exhibition_artworks (exhibition_id, artwork_id, display_label, notes) VALUES ('6', '86', 'Echoes #3 (1995)', 'Editioned work on view');
INSERT INTO exhibition_artworks (exhibition_id, artwork_id, display_label, notes) VALUES ('1', '14', 'Winter Light (2020)', '');
INSERT INTO exhibition_artworks (exhibition_id, artwork_id, display_label, notes) VALUES ('16', '14', 'Winter Light (2020)', '');
INSERT INTO exhibition_artworks (exhibition_id, artwork_id, display_label, notes) VALUES ('10', '32', 'Blue Drift (1957)', 'Interactive demo at opening');
INSERT INTO exhibition_artworks (exhibition_id, artwork_id, display_label, notes) VALUES ('9', '28', 'Stone & Wire #4 (1960)', 'Catalogue p. 78');
INSERT INTO exhibition_artworks (exhibition_id, artwork_id, display_label, notes) VALUES ('9', '41', 'Blue Drift (1994)', 'Editioned work on view');
INSERT INTO exhibition_artworks (exhibition_id, artwork_id, display_label, notes) VALUES ('2', '33', 'Intervals (1957)', '');
INSERT INTO exhibition_artworks (exhibition_id, artwork_id, display_label, notes) VALUES ('3', '137', 'Kite Forms (Study) (2004)', 'Installed opposite entry');
INSERT INTO exhibition_artworks (exhibition_id, artwork_id, display_label, notes) VALUES ('15', '163', 'Echoes (1962)', 'Installed opposite entry');
INSERT INTO exhibition_artworks (exhibition_id, artwork_id, display_label, notes) VALUES ('9', '102', 'Afterglow (Variant) (1978)', '');
INSERT INTO exhibition_artworks (exhibition_id, artwork_id, display_label, notes) VALUES ('11', '103', 'Veil #4 (1997)', 'Editioned work on view');
INSERT INTO exhibition_artworks (exhibition_id, artwork_id, display_label, notes) VALUES ('11', '68', 'Pulse (1979)', 'Installed opposite entry');
INSERT INTO exhibition_artworks (exhibition_id, artwork_id, display_label, notes) VALUES ('15', '62', 'Light Fold III (1962)', 'Editioned work on view');
INSERT INTO exhibition_artworks (exhibition_id, artwork_id, display_label, notes) VALUES ('16', '105', 'Intervals III (2001)', 'Interactive demo at opening');
INSERT INTO exhibition_artworks (exhibition_id, artwork_id, display_label, notes) VALUES ('4', '172', 'Winter Light I (2013)', '');
INSERT INTO exhibition_artworks (exhibition_id, artwork_id, display_label, notes) VALUES ('16', '51', 'Intervals #2 (1999)', 'Catalogue p. 120');
INSERT INTO exhibition_artworks (exhibition_id, artwork_id, display_label, notes) VALUES ('15', '97', 'Grid Variations (1960)', 'Installed opposite entry');
INSERT INTO exhibition_artworks (exhibition_id, artwork_id, display_label, notes) VALUES ('15', '89', 'Winter Light (1955)', 'Catalogue p. 150');
INSERT INTO exhibition_artworks (exhibition_id, artwork_id, display_label, notes) VALUES ('11', '139', 'Untitled #2 (1970)', 'Catalogue p. 147');
INSERT INTO exhibition_artworks (exhibition_id, artwork_id, display_label, notes) VALUES ('2', '146', 'Pulse #1 (1972)', '');
INSERT INTO exhibition_artworks (exhibition_id, artwork_id, display_label, notes) VALUES ('10', '17', 'Winter Light #4 (1957)', 'Installed opposite entry');
INSERT INTO exhibition_artworks (exhibition_id, artwork_id, display_label, notes) VALUES ('12', '128', 'Veil IV (1979)', 'Installed opposite entry');
INSERT INTO exhibition_artworks (exhibition_id, artwork_id, display_label, notes) VALUES ('13', '57', 'Untitled (Study) (1995)', 'Catalogue p. 78');
INSERT INTO exhibition_artworks (exhibition_id, artwork_id, display_label, notes) VALUES ('12', '168', 'Kite Forms #4 (1956)', 'Interactive demo at opening');
INSERT INTO exhibition_artworks (exhibition_id, artwork_id, display_label, notes) VALUES ('17', '56', 'Light Fold III (1990)', '');
INSERT INTO exhibition_artworks (exhibition_id, artwork_id, display_label, notes) VALUES ('16', '35', 'Echoes III (2018)', 'Installed opposite entry');
INSERT INTO exhibition_artworks (exhibition_id, artwork_id, display_label, notes) VALUES ('15', '78', 'Light Fold (2012)', 'Editioned work on view');
INSERT INTO exhibition_artworks (exhibition_id, artwork_id, display_label, notes) VALUES ('13', '121', 'Light Fold #2 (1995)', 'Editioned work on view');
INSERT INTO exhibition_artworks (exhibition_id, artwork_id, display_label, notes) VALUES ('13', '94', 'Blue Drift (Study) (1981)', 'Catalogue p. 68');
INSERT INTO exhibition_artworks (exhibition_id, artwork_id, display_label, notes) VALUES ('18', '149', 'Blue Drift #3 (1962)', 'Installed opposite entry');
INSERT INTO exhibition_artworks (exhibition_id, artwork_id, display_label, notes) VALUES ('3', '56', 'Light Fold III (1990)', 'Editioned work on view');
INSERT INTO exhibition_artworks (exhibition_id, artwork_id, display_label, notes) VALUES ('14', '180', 'Blue Drift (Variant) (1962)', 'Installed opposite entry');
INSERT INTO exhibition_artworks (exhibition_id, artwork_id, display_label, notes) VALUES ('4', '153', 'Light Fold #4 (1998)', 'Installed opposite entry');
INSERT INTO exhibition_artworks (exhibition_id, artwork_id, display_label, notes) VALUES ('17', '65', 'Afterglow (Study) (1989)', 'Catalogue p. 42');
INSERT INTO exhibition_artworks (exhibition_id, artwork_id, display_label, notes) VALUES ('8', '15', 'Afterglow (2001)', 'Interactive demo at opening');
INSERT INTO exhibition_artworks (exhibition_id, artwork_id, display_label, notes) VALUES ('17', '46', 'Afterglow (1993)', 'Catalogue p. 141');
INSERT INTO exhibition_artworks (exhibition_id, artwork_id, display_label, notes) VALUES ('14', '147', 'Light Fold (1990)', 'Catalogue p. 8');
INSERT INTO exhibition_artworks (exhibition_id, artwork_id, display_label, notes) VALUES ('15', '141', 'Shoreline #1 (2007)', 'Catalogue p. 136');
INSERT INTO exhibition_artworks (exhibition_id, artwork_id, display_label, notes) VALUES ('6', '38', 'Winter Light #4 (1988)', 'Catalogue p. 108');
INSERT INTO exhibition_artworks (exhibition_id, artwork_id, display_label, notes) VALUES ('17', '117', 'Cities (2023)', '');
INSERT INTO exhibition_artworks (exhibition_id, artwork_id, display_label, notes) VALUES ('18', '9', 'Stone & Wire #3 (1980)', 'Editioned work on view');
INSERT INTO exhibition_artworks (exhibition_id, artwork_id, display_label, notes) VALUES ('17', '167', 'Pulse (2000)', 'Interactive demo at opening');
INSERT INTO exhibition_artworks (exhibition_id, artwork_id, display_label, notes) VALUES ('18', '155', 'Shoreline (1999)', 'Installed opposite entry');
INSERT INTO exhibition_artworks (exhibition_id, artwork_id, display_label, notes) VALUES ('6', '10', 'Pulse III (1984)', 'Interactive demo at opening');
INSERT INTO exhibition_artworks (exhibition_id, artwork_id, display_label, notes) VALUES ('8', '71', 'Grid Variations #4 (2007)', 'Editioned work on view');
INSERT INTO exhibition_artworks (exhibition_id, artwork_id, display_label, notes) VALUES ('16', '163', 'Echoes (1962)', 'Installed opposite entry');
INSERT INTO exhibition_artworks (exhibition_id, artwork_id, display_label, notes) VALUES ('13', '167', 'Pulse (2000)', 'Installed opposite entry');
INSERT INTO exhibition_artworks (exhibition_id, artwork_id, display_label, notes) VALUES ('16', '32', 'Blue Drift (1957)', 'Installed opposite entry');
INSERT INTO exhibition_artworks (exhibition_id, artwork_id, display_label, notes) VALUES ('9', '72', 'Untitled (1968)', 'Interactive demo at opening');
INSERT INTO exhibition_artworks (exhibition_id, artwork_id, display_label, notes) VALUES ('17', '24', 'Kite Forms (1985)', 'Catalogue p. 132');
INSERT INTO exhibition_artworks (exhibition_id, artwork_id, display_label, notes) VALUES ('1', '46', 'Afterglow (1993)', 'Editioned work on view');
INSERT INTO exhibition_artworks (exhibition_id, artwork_id, display_label, notes) VALUES ('11', '72', 'Untitled (1968)', '');
INSERT INTO exhibition_artworks (exhibition_id, artwork_id, display_label, notes) VALUES ('5', '47', 'Cities (Study) (1977)', '');
INSERT INTO exhibition_artworks (exhibition_id, artwork_id, display_label, notes) VALUES ('18', '27', 'Shoreline (Variant) (2006)', '');
INSERT INTO exhibition_artworks (exhibition_id, artwork_id, display_label, notes) VALUES ('13', '128', 'Veil IV (1979)', 'Interactive demo at opening');

-- transactions
INSERT INTO transactions (transaction_id, artwork_id, txn_date, txn_type, from_owner_id, to_owner_id, price, currency, notes) VALUES (1, '1', '2022-11-10', 'Purchase', NULL, 48, 56858.14, 'USD', 'Initial acquisition');
INSERT INTO transactions (transaction_id, artwork_id, txn_date, txn_type, from_owner_id, to_owner_id, price, currency, notes) VALUES (2, '1', '2024-10-27', 'LoanOut', 48, 52, NULL, NULL, 'Auction');
INSERT INTO transactions (transaction_id, artwork_id, txn_date, txn_type, from_owner_id, to_owner_id, price, currency, notes) VALUES (3, '1', '2025-09-17', 'Sale', 52, 2, 77093.65, 'SEK', 'Collection transfer');
INSERT INTO transactions (transaction_id, artwork_id, txn_date, txn_type, from_owner_id, to_owner_id, price, currency, notes) VALUES (4, '2', '1998-02-05', 'Purchase', NULL, 2, 36624.96, 'SEK', 'Initial acquisition');
INSERT INTO transactions (transaction_id, artwork_id, txn_date, txn_type, from_owner_id, to_owner_id, price, currency, notes) VALUES (5, '2', '2000-01-11', 'LoanOut', 2, 32, NULL, NULL, '');
INSERT INTO transactions (transaction_id, artwork_id, txn_date, txn_type, from_owner_id, to_owner_id, price, currency, notes) VALUES (6, '2', '2001-11-23', 'Purchase', 32, 14, 99346.00, 'USD', 'Collection transfer');
INSERT INTO transactions (transaction_id, artwork_id, txn_date, txn_type, from_owner_id, to_owner_id, price, currency, notes) VALUES (7, '3', '1990-10-21', 'Purchase', NULL, 43, 6844.18, 'GBP', 'Initial acquisition');
INSERT INTO transactions (transaction_id, artwork_id, txn_date, txn_type, from_owner_id, to_owner_id, price, currency, notes) VALUES (8, '3', '1996-03-30', 'LoanOut', 43, 2, NULL, NULL, 'Collection transfer');
INSERT INTO transactions (transaction_id, artwork_id, txn_date, txn_type, from_owner_id, to_owner_id, price, currency, notes) VALUES (9, '3', '2001-04-05', 'Purchase', 2, 16, 127171.95, 'EUR', 'Auction');
INSERT INTO transactions (transaction_id, artwork_id, txn_date, txn_type, from_owner_id, to_owner_id, price, currency, notes) VALUES (10, '4', '2021-11-26', 'Purchase', NULL, 4, 18361.36, 'GBP', 'Initial acquisition');
INSERT INTO transactions (transaction_id, artwork_id, txn_date, txn_type, from_owner_id, to_owner_id, price, currency, notes) VALUES (11, '4', '2025-09-17', 'Transfer', 4, 45, 113671.22, 'GBP', 'On loan for show');
INSERT INTO transactions (transaction_id, artwork_id, txn_date, txn_type, from_owner_id, to_owner_id, price, currency, notes) VALUES (12, '4', '2025-09-17', 'LoanOut', 45, 1, NULL, NULL, 'Collection transfer');
INSERT INTO transactions (transaction_id, artwork_id, txn_date, txn_type, from_owner_id, to_owner_id, price, currency, notes) VALUES (13, '5', '2021-08-18', 'Purchase', NULL, 43, 52241.20, 'SEK', 'Initial acquisition');
INSERT INTO transactions (transaction_id, artwork_id, txn_date, txn_type, from_owner_id, to_owner_id, price, currency, notes) VALUES (14, '5', '2022-04-27', 'Transfer', 43, 17, 33720.71, 'SEK', 'Auction');
INSERT INTO transactions (transaction_id, artwork_id, txn_date, txn_type, from_owner_id, to_owner_id, price, currency, notes) VALUES (15, '6', '1993-11-07', 'Purchase', NULL, 51, 13437.08, 'GBP', 'Initial acquisition');
INSERT INTO transactions (transaction_id, artwork_id, txn_date, txn_type, from_owner_id, to_owner_id, price, currency, notes) VALUES (16, '6', '1995-08-16', 'Purchase', 51, 46, 77579.69, 'EUR', 'Private sale');
INSERT INTO transactions (transaction_id, artwork_id, txn_date, txn_type, from_owner_id, to_owner_id, price, currency, notes) VALUES (17, '6', '1996-12-13', 'LoanOut', 46, 12, NULL, NULL, '');
INSERT INTO transactions (transaction_id, artwork_id, txn_date, txn_type, from_owner_id, to_owner_id, price, currency, notes) VALUES (18, '6', '2000-09-06', 'Sale', 12, 39, 134199.08, 'DKK', 'Auction');
INSERT INTO transactions (transaction_id, artwork_id, txn_date, txn_type, from_owner_id, to_owner_id, price, currency, notes) VALUES (19, '7', '2021-10-28', 'Purchase', NULL, 31, 71179.40, 'NOK', 'Initial acquisition');
INSERT INTO transactions (transaction_id, artwork_id, txn_date, txn_type, from_owner_id, to_owner_id, price, currency, notes) VALUES (20, '7', '2023-09-19', 'Sale', 31, 42, 82797.07, 'NOK', 'Auction');
INSERT INTO transactions (transaction_id, artwork_id, txn_date, txn_type, from_owner_id, to_owner_id, price, currency, notes) VALUES (21, '7', '2024-08-23', 'LoanOut', 42, 52, NULL, NULL, 'Collection transfer');
INSERT INTO transactions (transaction_id, artwork_id, txn_date, txn_type, from_owner_id, to_owner_id, price, currency, notes) VALUES (22, '8', '2005-08-23', 'Purchase', NULL, 44, 43768.56, 'DKK', 'Initial acquisition');
INSERT INTO transactions (transaction_id, artwork_id, txn_date, txn_type, from_owner_id, to_owner_id, price, currency, notes) VALUES (23, '8', '2009-07-23', 'Purchase', 44, 28, 85839.01, 'NOK', 'Gallery sale');
INSERT INTO transactions (transaction_id, artwork_id, txn_date, txn_type, from_owner_id, to_owner_id, price, currency, notes) VALUES (24, '9', '1997-02-25', 'Purchase', NULL, 21, 27980.30, 'NOK', 'Initial acquisition');
INSERT INTO transactions (transaction_id, artwork_id, txn_date, txn_type, from_owner_id, to_owner_id, price, currency, notes) VALUES (25, '9', '1999-01-04', 'Transfer', 21, 33, 141029.92, 'DKK', 'Private sale');
INSERT INTO transactions (transaction_id, artwork_id, txn_date, txn_type, from_owner_id, to_owner_id, price, currency, notes) VALUES (26, '9', '1999-11-28', 'Transfer', 33, 8, 127892.44, 'USD', 'Collection transfer');
INSERT INTO transactions (transaction_id, artwork_id, txn_date, txn_type, from_owner_id, to_owner_id, price, currency, notes) VALUES (27, '10', '1990-05-17', 'Purchase', NULL, 23, 76551.85, 'GBP', 'Initial acquisition');
INSERT INTO transactions (transaction_id, artwork_id, txn_date, txn_type, from_owner_id, to_owner_id, price, currency, notes) VALUES (28, '10', '1991-01-29', 'LoanOut', 23, 24, NULL, NULL, 'Auction');
INSERT INTO transactions (transaction_id, artwork_id, txn_date, txn_type, from_owner_id, to_owner_id, price, currency, notes) VALUES (29, '10', '1995-12-07', 'LoanOut', 24, 48, NULL, NULL, 'Gallery sale');
INSERT INTO transactions (transaction_id, artwork_id, txn_date, txn_type, from_owner_id, to_owner_id, price, currency, notes) VALUES (30, '11', '2018-08-16', 'Purchase', NULL, 9, 76578.43, 'EUR', 'Initial acquisition');
INSERT INTO transactions (transaction_id, artwork_id, txn_date, txn_type, from_owner_id, to_owner_id, price, currency, notes) VALUES (31, '11', '2023-04-01', 'LoanOut', 9, 4, NULL, NULL, 'Gallery sale');
INSERT INTO transactions (transaction_id, artwork_id, txn_date, txn_type, from_owner_id, to_owner_id, price, currency, notes) VALUES (32, '12', '2005-11-11', 'Purchase', NULL, 26, 38884.91, 'SEK', 'Initial acquisition');
INSERT INTO transactions (transaction_id, artwork_id, txn_date, txn_type, from_owner_id, to_owner_id, price, currency, notes) VALUES (33, '12', '2006-08-06', 'Sale', 26, 1, 136258.48, 'NOK', 'Gallery sale');
INSERT INTO transactions (transaction_id, artwork_id, txn_date, txn_type, from_owner_id, to_owner_id, price, currency, notes) VALUES (34, '13', '2007-05-02', 'Purchase', NULL, 10, 22750.71, 'EUR', 'Initial acquisition');
INSERT INTO transactions (transaction_id, artwork_id, txn_date, txn_type, from_owner_id, to_owner_id, price, currency, notes) VALUES (35, '13', '2012-10-11', 'LoanOut', 10, 11, NULL, NULL, 'Private sale');
INSERT INTO transactions (transaction_id, artwork_id, txn_date, txn_type, from_owner_id, to_owner_id, price, currency, notes) VALUES (36, '14', '2021-11-17', 'Purchase', NULL, 2, 37061.19, 'USD', 'Initial acquisition');
INSERT INTO transactions (transaction_id, artwork_id, txn_date, txn_type, from_owner_id, to_owner_id, price, currency, notes) VALUES (37, '14', '2025-09-17', 'Transfer', 2, 40, 26953.76, 'USD', 'Private sale');
INSERT INTO transactions (transaction_id, artwork_id, txn_date, txn_type, from_owner_id, to_owner_id, price, currency, notes) VALUES (38, '14', '2025-09-17', 'LoanOut', 40, 5, NULL, NULL, '');
INSERT INTO transactions (transaction_id, artwork_id, txn_date, txn_type, from_owner_id, to_owner_id, price, currency, notes) VALUES (39, '15', '2021-02-24', 'Purchase', NULL, 24, 70541.40, 'DKK', 'Initial acquisition');
INSERT INTO transactions (transaction_id, artwork_id, txn_date, txn_type, from_owner_id, to_owner_id, price, currency, notes) VALUES (40, '15', '2024-07-22', 'LoanOut', 24, 7, NULL, NULL, 'On loan for show');
INSERT INTO transactions (transaction_id, artwork_id, txn_date, txn_type, from_owner_id, to_owner_id, price, currency, notes) VALUES (41, '15', '2025-09-17', 'Sale', 7, 22, 128716.00, 'SEK', 'Private sale');
INSERT INTO transactions (transaction_id, artwork_id, txn_date, txn_type, from_owner_id, to_owner_id, price, currency, notes) VALUES (42, '15', '2025-09-17', 'Purchase', 22, 2, 3562.99, 'USD', 'Gallery sale');
INSERT INTO transactions (transaction_id, artwork_id, txn_date, txn_type, from_owner_id, to_owner_id, price, currency, notes) VALUES (43, '16', '2014-06-24', 'Purchase', NULL, 13, 51081.83, 'GBP', 'Initial acquisition');
INSERT INTO transactions (transaction_id, artwork_id, txn_date, txn_type, from_owner_id, to_owner_id, price, currency, notes) VALUES (44, '16', '2016-10-14', 'LoanOut', 13, 19, NULL, NULL, 'Collection transfer');
INSERT INTO transactions (transaction_id, artwork_id, txn_date, txn_type, from_owner_id, to_owner_id, price, currency, notes) VALUES (45, '16', '2017-06-11', 'Purchase', 19, 41, 53403.45, 'DKK', 'On loan for show');
INSERT INTO transactions (transaction_id, artwork_id, txn_date, txn_type, from_owner_id, to_owner_id, price, currency, notes) VALUES (46, '17', '1993-10-03', 'Purchase', NULL, 13, 14927.30, 'NOK', 'Initial acquisition');
INSERT INTO transactions (transaction_id, artwork_id, txn_date, txn_type, from_owner_id, to_owner_id, price, currency, notes) VALUES (47, '17', '1995-11-14', 'Sale', 13, 41, 7301.01, 'DKK', 'Collection transfer');
INSERT INTO transactions (transaction_id, artwork_id, txn_date, txn_type, from_owner_id, to_owner_id, price, currency, notes) VALUES (48, '17', '1998-02-06', 'Transfer', 41, 38, 142713.08, 'EUR', 'Collection transfer');
INSERT INTO transactions (transaction_id, artwork_id, txn_date, txn_type, from_owner_id, to_owner_id, price, currency, notes) VALUES (49, '18', '2006-06-24', 'Purchase', NULL, 48, 13296.41, 'SEK', 'Initial acquisition');
INSERT INTO transactions (transaction_id, artwork_id, txn_date, txn_type, from_owner_id, to_owner_id, price, currency, notes) VALUES (50, '18', '2010-08-02', 'LoanOut', 48, 9, NULL, NULL, 'On loan for show');
INSERT INTO transactions (transaction_id, artwork_id, txn_date, txn_type, from_owner_id, to_owner_id, price, currency, notes) VALUES (51, '18', '2014-01-12', 'LoanOut', 9, 52, NULL, NULL, '');
INSERT INTO transactions (transaction_id, artwork_id, txn_date, txn_type, from_owner_id, to_owner_id, price, currency, notes) VALUES (52, '18', '2014-08-20', 'Sale', 52, 33, 76844.67, 'NOK', '');
INSERT INTO transactions (transaction_id, artwork_id, txn_date, txn_type, from_owner_id, to_owner_id, price, currency, notes) VALUES (53, '19', '2011-07-10', 'Purchase', NULL, 38, 38387.91, 'DKK', 'Initial acquisition');
INSERT INTO transactions (transaction_id, artwork_id, txn_date, txn_type, from_owner_id, to_owner_id, price, currency, notes) VALUES (54, '19', '2015-09-27', 'Sale', 38, 4, 71330.86, 'DKK', '');
INSERT INTO transactions (transaction_id, artwork_id, txn_date, txn_type, from_owner_id, to_owner_id, price, currency, notes) VALUES (55, '19', '2020-10-02', 'LoanOut', 4, 26, NULL, NULL, 'On loan for show');
INSERT INTO transactions (transaction_id, artwork_id, txn_date, txn_type, from_owner_id, to_owner_id, price, currency, notes) VALUES (56, '20', '2000-04-22', 'Purchase', NULL, 10, 40046.47, 'DKK', 'Initial acquisition');
INSERT INTO transactions (transaction_id, artwork_id, txn_date, txn_type, from_owner_id, to_owner_id, price, currency, notes) VALUES (57, '20', '2004-03-09', 'Transfer', 10, 6, 85216.90, 'GBP', 'Collection transfer');
INSERT INTO transactions (transaction_id, artwork_id, txn_date, txn_type, from_owner_id, to_owner_id, price, currency, notes) VALUES (58, '20', '2008-06-26', 'LoanOut', 6, 32, NULL, NULL, 'Private sale');
INSERT INTO transactions (transaction_id, artwork_id, txn_date, txn_type, from_owner_id, to_owner_id, price, currency, notes) VALUES (59, '20', '2012-09-14', 'Transfer', 32, 10, 106563.67, 'EUR', 'Auction');
INSERT INTO transactions (transaction_id, artwork_id, txn_date, txn_type, from_owner_id, to_owner_id, price, currency, notes) VALUES (60, '21', '2007-03-19', 'Purchase', NULL, 45, 69190.31, 'SEK', 'Initial acquisition');
INSERT INTO transactions (transaction_id, artwork_id, txn_date, txn_type, from_owner_id, to_owner_id, price, currency, notes) VALUES (61, '21', '2008-02-04', 'Sale', 45, 1, 24131.31, 'GBP', 'On loan for show');
INSERT INTO transactions (transaction_id, artwork_id, txn_date, txn_type, from_owner_id, to_owner_id, price, currency, notes) VALUES (62, '22', '2006-03-02', 'Purchase', NULL, 2, 27704.84, 'SEK', 'Initial acquisition');
INSERT INTO transactions (transaction_id, artwork_id, txn_date, txn_type, from_owner_id, to_owner_id, price, currency, notes) VALUES (63, '22', '2009-07-18', 'Transfer', 2, 39, 20868.62, 'USD', '');
INSERT INTO transactions (transaction_id, artwork_id, txn_date, txn_type, from_owner_id, to_owner_id, price, currency, notes) VALUES (64, '23', '2005-05-12', 'Purchase', NULL, 35, 69998.03, 'SEK', 'Initial acquisition');
INSERT INTO transactions (transaction_id, artwork_id, txn_date, txn_type, from_owner_id, to_owner_id, price, currency, notes) VALUES (65, '23', '2007-06-14', 'Sale', 35, 6, 27562.19, 'NOK', '');
INSERT INTO transactions (transaction_id, artwork_id, txn_date, txn_type, from_owner_id, to_owner_id, price, currency, notes) VALUES (66, '24', '2016-09-23', 'Purchase', NULL, 29, 54753.79, 'DKK', 'Initial acquisition');
INSERT INTO transactions (transaction_id, artwork_id, txn_date, txn_type, from_owner_id, to_owner_id, price, currency, notes) VALUES (67, '24', '2018-03-17', 'LoanOut', 29, 34, NULL, NULL, 'Auction');
INSERT INTO transactions (transaction_id, artwork_id, txn_date, txn_type, from_owner_id, to_owner_id, price, currency, notes) VALUES (68, '24', '2020-03-06', 'Transfer', 34, 52, 58415.56, 'GBP', 'Collection transfer');
INSERT INTO transactions (transaction_id, artwork_id, txn_date, txn_type, from_owner_id, to_owner_id, price, currency, notes) VALUES (69, '24', '2024-01-24', 'Transfer', 52, 31, 2758.02, 'SEK', '');
INSERT INTO transactions (transaction_id, artwork_id, txn_date, txn_type, from_owner_id, to_owner_id, price, currency, notes) VALUES (70, '25', '2014-02-15', 'Purchase', NULL, 4, 37668.78, 'GBP', 'Initial acquisition');
INSERT INTO transactions (transaction_id, artwork_id, txn_date, txn_type, from_owner_id, to_owner_id, price, currency, notes) VALUES (71, '25', '2016-08-02', 'Sale', 4, 27, 117403.38, 'NOK', 'On loan for show');
INSERT INTO transactions (transaction_id, artwork_id, txn_date, txn_type, from_owner_id, to_owner_id, price, currency, notes) VALUES (72, '26', '2017-01-15', 'Purchase', NULL, 14, 57988.98, 'USD', 'Initial acquisition');
INSERT INTO transactions (transaction_id, artwork_id, txn_date, txn_type, from_owner_id, to_owner_id, price, currency, notes) VALUES (73, '26', '2020-10-26', 'Sale', 14, 7, 136740.62, 'EUR', 'Private sale');
INSERT INTO transactions (transaction_id, artwork_id, txn_date, txn_type, from_owner_id, to_owner_id, price, currency, notes) VALUES (74, '27', '2010-11-07', 'Purchase', NULL, 47, 73895.05, 'GBP', 'Initial acquisition');
INSERT INTO transactions (transaction_id, artwork_id, txn_date, txn_type, from_owner_id, to_owner_id, price, currency, notes) VALUES (75, '27', '2013-06-11', 'Sale', 47, 18, 146909.56, 'NOK', 'Gallery sale');
INSERT INTO transactions (transaction_id, artwork_id, txn_date, txn_type, from_owner_id, to_owner_id, price, currency, notes) VALUES (76, '28', '2005-01-14', 'Purchase', NULL, 4, 69217.42, 'USD', 'Initial acquisition');
INSERT INTO transactions (transaction_id, artwork_id, txn_date, txn_type, from_owner_id, to_owner_id, price, currency, notes) VALUES (77, '28', '2007-10-11', 'Purchase', 4, 12, 53305.03, 'DKK', 'Auction');
INSERT INTO transactions (transaction_id, artwork_id, txn_date, txn_type, from_owner_id, to_owner_id, price, currency, notes) VALUES (78, '28', '2010-12-20', 'Purchase', 12, 9, 56814.55, 'DKK', '');
INSERT INTO transactions (transaction_id, artwork_id, txn_date, txn_type, from_owner_id, to_owner_id, price, currency, notes) VALUES (79, '28', '2015-10-21', 'Sale', 9, 3, 52395.43, 'SEK', 'Auction');
INSERT INTO transactions (transaction_id, artwork_id, txn_date, txn_type, from_owner_id, to_owner_id, price, currency, notes) VALUES (80, '29', '2006-07-16', 'Purchase', NULL, 26, 53021.16, 'GBP', 'Initial acquisition');
INSERT INTO transactions (transaction_id, artwork_id, txn_date, txn_type, from_owner_id, to_owner_id, price, currency, notes) VALUES (81, '29', '2011-05-14', 'Transfer', 26, 53, 113405.31, 'USD', 'Private sale');
INSERT INTO transactions (transaction_id, artwork_id, txn_date, txn_type, from_owner_id, to_owner_id, price, currency, notes) VALUES (82, '29', '2014-09-28', 'Transfer', 53, 52, 85421.76, 'DKK', 'Collection transfer');
INSERT INTO transactions (transaction_id, artwork_id, txn_date, txn_type, from_owner_id, to_owner_id, price, currency, notes) VALUES (83, '30', '2017-06-17', 'Purchase', NULL, 41, 59129.61, 'NOK', 'Initial acquisition');
INSERT INTO transactions (transaction_id, artwork_id, txn_date, txn_type, from_owner_id, to_owner_id, price, currency, notes) VALUES (84, '30', '2022-09-22', 'LoanOut', 41, 21, NULL, NULL, 'Gallery sale');
INSERT INTO transactions (transaction_id, artwork_id, txn_date, txn_type, from_owner_id, to_owner_id, price, currency, notes) VALUES (85, '30', '2025-09-17', 'LoanOut', 21, 19, NULL, NULL, 'Collection transfer');
INSERT INTO transactions (transaction_id, artwork_id, txn_date, txn_type, from_owner_id, to_owner_id, price, currency, notes) VALUES (86, '31', '2003-02-11', 'Purchase', NULL, 46, 45135.10, 'USD', 'Initial acquisition');
INSERT INTO transactions (transaction_id, artwork_id, txn_date, txn_type, from_owner_id, to_owner_id, price, currency, notes) VALUES (87, '31', '2004-10-10', 'Sale', 46, 52, 39974.84, 'DKK', 'Gallery sale');
INSERT INTO transactions (transaction_id, artwork_id, txn_date, txn_type, from_owner_id, to_owner_id, price, currency, notes) VALUES (88, '31', '2007-02-18', 'Sale', 52, 6, 116059.29, 'NOK', 'Gallery sale');
INSERT INTO transactions (transaction_id, artwork_id, txn_date, txn_type, from_owner_id, to_owner_id, price, currency, notes) VALUES (89, '32', '2009-09-18', 'Purchase', NULL, 20, 37077.14, 'USD', 'Initial acquisition');
INSERT INTO transactions (transaction_id, artwork_id, txn_date, txn_type, from_owner_id, to_owner_id, price, currency, notes) VALUES (90, '32', '2010-12-07', 'LoanOut', 20, 1, NULL, NULL, 'Collection transfer');
INSERT INTO transactions (transaction_id, artwork_id, txn_date, txn_type, from_owner_id, to_owner_id, price, currency, notes) VALUES (91, '33', '2011-07-25', 'Purchase', NULL, 47, 32809.95, 'NOK', 'Initial acquisition');
INSERT INTO transactions (transaction_id, artwork_id, txn_date, txn_type, from_owner_id, to_owner_id, price, currency, notes) VALUES (92, '33', '2013-12-21', 'Purchase', 47, 8, 137702.05, 'SEK', 'Auction');
INSERT INTO transactions (transaction_id, artwork_id, txn_date, txn_type, from_owner_id, to_owner_id, price, currency, notes) VALUES (93, '33', '2017-07-17', 'Transfer', 8, 51, 30001.12, 'EUR', 'Gallery sale');
INSERT INTO transactions (transaction_id, artwork_id, txn_date, txn_type, from_owner_id, to_owner_id, price, currency, notes) VALUES (94, '33', '2020-08-13', 'Purchase', 51, 49, 97572.77, 'SEK', 'Gallery sale');
INSERT INTO transactions (transaction_id, artwork_id, txn_date, txn_type, from_owner_id, to_owner_id, price, currency, notes) VALUES (95, '34', '2022-11-18', 'Purchase', NULL, 28, 71889.97, 'EUR', 'Initial acquisition');
INSERT INTO transactions (transaction_id, artwork_id, txn_date, txn_type, from_owner_id, to_owner_id, price, currency, notes) VALUES (96, '34', '2025-02-09', 'LoanOut', 28, 4, NULL, NULL, 'On loan for show');
INSERT INTO transactions (transaction_id, artwork_id, txn_date, txn_type, from_owner_id, to_owner_id, price, currency, notes) VALUES (97, '34', '2025-09-17', 'Purchase', 4, 5, 125415.82, 'DKK', 'Gallery sale');
INSERT INTO transactions (transaction_id, artwork_id, txn_date, txn_type, from_owner_id, to_owner_id, price, currency, notes) VALUES (98, '34', '2025-09-17', 'Transfer', 5, 28, 16817.29, 'DKK', 'Collection transfer');
INSERT INTO transactions (transaction_id, artwork_id, txn_date, txn_type, from_owner_id, to_owner_id, price, currency, notes) VALUES (99, '35', '2020-01-03', 'Purchase', NULL, 43, 10805.69, 'GBP', 'Initial acquisition');
INSERT INTO transactions (transaction_id, artwork_id, txn_date, txn_type, from_owner_id, to_owner_id, price, currency, notes) VALUES (100, '35', '2022-07-28', 'LoanOut', 43, 44, NULL, NULL, '');
INSERT INTO transactions (transaction_id, artwork_id, txn_date, txn_type, from_owner_id, to_owner_id, price, currency, notes) VALUES (101, '35', '2024-06-21', 'LoanOut', 44, 35, NULL, NULL, 'Auction');
INSERT INTO transactions (transaction_id, artwork_id, txn_date, txn_type, from_owner_id, to_owner_id, price, currency, notes) VALUES (102, '35', '2025-09-17', 'Sale', 35, 30, 121528.28, 'DKK', 'On loan for show');
INSERT INTO transactions (transaction_id, artwork_id, txn_date, txn_type, from_owner_id, to_owner_id, price, currency, notes) VALUES (103, '36', '2011-08-05', 'Purchase', NULL, 35, 22179.06, 'DKK', 'Initial acquisition');
INSERT INTO transactions (transaction_id, artwork_id, txn_date, txn_type, from_owner_id, to_owner_id, price, currency, notes) VALUES (104, '36', '2017-01-17', 'LoanOut', 35, 14, NULL, NULL, 'Private sale');
INSERT INTO transactions (transaction_id, artwork_id, txn_date, txn_type, from_owner_id, to_owner_id, price, currency, notes) VALUES (105, '36', '2021-03-16', 'LoanOut', 14, 2, NULL, NULL, 'On loan for show');
INSERT INTO transactions (transaction_id, artwork_id, txn_date, txn_type, from_owner_id, to_owner_id, price, currency, notes) VALUES (106, '36', '2023-05-27', 'Transfer', 2, 36, 145700.91, 'GBP', 'Gallery sale');
INSERT INTO transactions (transaction_id, artwork_id, txn_date, txn_type, from_owner_id, to_owner_id, price, currency, notes) VALUES (107, '37', '2008-07-24', 'Purchase', NULL, 13, 28967.73, 'USD', 'Initial acquisition');
INSERT INTO transactions (transaction_id, artwork_id, txn_date, txn_type, from_owner_id, to_owner_id, price, currency, notes) VALUES (108, '37', '2009-09-15', 'Transfer', 13, 6, 103516.76, 'GBP', 'Auction');
INSERT INTO transactions (transaction_id, artwork_id, txn_date, txn_type, from_owner_id, to_owner_id, price, currency, notes) VALUES (109, '37', '2011-11-27', 'Transfer', 6, 8, 86058.08, 'DKK', 'Private sale');
INSERT INTO transactions (transaction_id, artwork_id, txn_date, txn_type, from_owner_id, to_owner_id, price, currency, notes) VALUES (110, '38', '2017-03-13', 'Purchase', NULL, 12, 23772.82, 'EUR', 'Initial acquisition');
INSERT INTO transactions (transaction_id, artwork_id, txn_date, txn_type, from_owner_id, to_owner_id, price, currency, notes) VALUES (111, '38', '2019-10-14', 'Transfer', 12, 31, 2483.86, 'EUR', 'Collection transfer');
INSERT INTO transactions (transaction_id, artwork_id, txn_date, txn_type, from_owner_id, to_owner_id, price, currency, notes) VALUES (112, '38', '2023-06-22', 'Purchase', 31, 17, 135784.26, 'SEK', 'On loan for show');
INSERT INTO transactions (transaction_id, artwork_id, txn_date, txn_type, from_owner_id, to_owner_id, price, currency, notes) VALUES (113, '39', '1990-03-03', 'Purchase', NULL, 32, 38029.83, 'USD', 'Initial acquisition');
INSERT INTO transactions (transaction_id, artwork_id, txn_date, txn_type, from_owner_id, to_owner_id, price, currency, notes) VALUES (114, '39', '1993-12-27', 'Purchase', 32, 51, 118334.65, 'GBP', '');
INSERT INTO transactions (transaction_id, artwork_id, txn_date, txn_type, from_owner_id, to_owner_id, price, currency, notes) VALUES (115, '40', '1994-05-15', 'Purchase', NULL, 30, 38075.71, 'SEK', 'Initial acquisition');
INSERT INTO transactions (transaction_id, artwork_id, txn_date, txn_type, from_owner_id, to_owner_id, price, currency, notes) VALUES (116, '40', '1995-12-24', 'Purchase', 30, 20, 122189.16, 'NOK', 'Auction');
INSERT INTO transactions (transaction_id, artwork_id, txn_date, txn_type, from_owner_id, to_owner_id, price, currency, notes) VALUES (117, '40', '2001-05-29', 'Transfer', 20, 35, 14396.69, 'DKK', 'Private sale');
INSERT INTO transactions (transaction_id, artwork_id, txn_date, txn_type, from_owner_id, to_owner_id, price, currency, notes) VALUES (118, '41', '2013-11-15', 'Purchase', NULL, 18, 77632.65, 'EUR', 'Initial acquisition');
INSERT INTO transactions (transaction_id, artwork_id, txn_date, txn_type, from_owner_id, to_owner_id, price, currency, notes) VALUES (119, '41', '2018-03-02', 'Transfer', 18, 19, 43443.40, 'USD', '');
INSERT INTO transactions (transaction_id, artwork_id, txn_date, txn_type, from_owner_id, to_owner_id, price, currency, notes) VALUES (120, '41', '2019-10-15', 'Purchase', 19, 35, 105158.34, 'SEK', 'On loan for show');
INSERT INTO transactions (transaction_id, artwork_id, txn_date, txn_type, from_owner_id, to_owner_id, price, currency, notes) VALUES (121, '42', '2007-10-12', 'Purchase', NULL, 16, 20189.46, 'EUR', 'Initial acquisition');
INSERT INTO transactions (transaction_id, artwork_id, txn_date, txn_type, from_owner_id, to_owner_id, price, currency, notes) VALUES (122, '42', '2011-08-31', 'Purchase', 16, 9, 67418.04, 'NOK', 'Auction');
INSERT INTO transactions (transaction_id, artwork_id, txn_date, txn_type, from_owner_id, to_owner_id, price, currency, notes) VALUES (123, '42', '2013-10-04', 'Transfer', 9, 30, 27885.03, 'GBP', 'Auction');
INSERT INTO transactions (transaction_id, artwork_id, txn_date, txn_type, from_owner_id, to_owner_id, price, currency, notes) VALUES (124, '43', '1998-07-29', 'Purchase', NULL, 36, 69041.89, 'GBP', 'Initial acquisition');
INSERT INTO transactions (transaction_id, artwork_id, txn_date, txn_type, from_owner_id, to_owner_id, price, currency, notes) VALUES (125, '43', '2000-02-26', 'Purchase', 36, 38, 40623.72, 'DKK', '');
INSERT INTO transactions (transaction_id, artwork_id, txn_date, txn_type, from_owner_id, to_owner_id, price, currency, notes) VALUES (126, '44', '2013-06-16', 'Purchase', NULL, 11, 69360.25, 'DKK', 'Initial acquisition');
INSERT INTO transactions (transaction_id, artwork_id, txn_date, txn_type, from_owner_id, to_owner_id, price, currency, notes) VALUES (127, '44', '2018-09-29', 'Transfer', 11, 10, 93267.87, 'GBP', 'Private sale');
INSERT INTO transactions (transaction_id, artwork_id, txn_date, txn_type, from_owner_id, to_owner_id, price, currency, notes) VALUES (128, '45', '2010-01-02', 'Purchase', NULL, 19, 60895.66, 'USD', 'Initial acquisition');
INSERT INTO transactions (transaction_id, artwork_id, txn_date, txn_type, from_owner_id, to_owner_id, price, currency, notes) VALUES (129, '45', '2013-12-30', 'Transfer', 19, 53, 3836.92, 'EUR', 'Gallery sale');
INSERT INTO transactions (transaction_id, artwork_id, txn_date, txn_type, from_owner_id, to_owner_id, price, currency, notes) VALUES (130, '45', '2015-03-11', 'Purchase', 53, 45, 72741.02, 'USD', 'On loan for show');
INSERT INTO transactions (transaction_id, artwork_id, txn_date, txn_type, from_owner_id, to_owner_id, price, currency, notes) VALUES (131, '46', '2014-05-11', 'Purchase', NULL, 25, 75730.79, 'GBP', 'Initial acquisition');
INSERT INTO transactions (transaction_id, artwork_id, txn_date, txn_type, from_owner_id, to_owner_id, price, currency, notes) VALUES (132, '46', '2019-09-21', 'Purchase', 25, 22, 114422.53, 'NOK', 'Collection transfer');
INSERT INTO transactions (transaction_id, artwork_id, txn_date, txn_type, from_owner_id, to_owner_id, price, currency, notes) VALUES (133, '47', '2011-07-06', 'Purchase', NULL, 33, 7464.56, 'GBP', 'Initial acquisition');
INSERT INTO transactions (transaction_id, artwork_id, txn_date, txn_type, from_owner_id, to_owner_id, price, currency, notes) VALUES (134, '47', '2016-08-24', 'LoanOut', 33, 31, NULL, NULL, 'Collection transfer');
INSERT INTO transactions (transaction_id, artwork_id, txn_date, txn_type, from_owner_id, to_owner_id, price, currency, notes) VALUES (135, '47', '2017-08-20', 'Sale', 31, 4, 79469.30, 'DKK', 'Collection transfer');
INSERT INTO transactions (transaction_id, artwork_id, txn_date, txn_type, from_owner_id, to_owner_id, price, currency, notes) VALUES (136, '48', '2006-01-29', 'Purchase', NULL, 10, 62780.88, 'SEK', 'Initial acquisition');
INSERT INTO transactions (transaction_id, artwork_id, txn_date, txn_type, from_owner_id, to_owner_id, price, currency, notes) VALUES (137, '48', '2010-01-19', 'Sale', 10, 28, 136976.06, 'USD', 'Collection transfer');
INSERT INTO transactions (transaction_id, artwork_id, txn_date, txn_type, from_owner_id, to_owner_id, price, currency, notes) VALUES (138, '49', '2010-12-09', 'Purchase', NULL, 16, 35001.72, 'USD', 'Initial acquisition');
INSERT INTO transactions (transaction_id, artwork_id, txn_date, txn_type, from_owner_id, to_owner_id, price, currency, notes) VALUES (139, '49', '2013-10-31', 'Transfer', 16, 40, 61679.87, 'NOK', 'Gallery sale');
INSERT INTO transactions (transaction_id, artwork_id, txn_date, txn_type, from_owner_id, to_owner_id, price, currency, notes) VALUES (140, '50', '2012-02-16', 'Purchase', NULL, 19, 43544.66, 'SEK', 'Initial acquisition');
INSERT INTO transactions (transaction_id, artwork_id, txn_date, txn_type, from_owner_id, to_owner_id, price, currency, notes) VALUES (141, '50', '2015-06-21', 'Purchase', 19, 48, 94584.17, 'NOK', '');
INSERT INTO transactions (transaction_id, artwork_id, txn_date, txn_type, from_owner_id, to_owner_id, price, currency, notes) VALUES (142, '50', '2016-07-04', 'Purchase', 48, 41, 136925.63, 'USD', 'Private sale');
INSERT INTO transactions (transaction_id, artwork_id, txn_date, txn_type, from_owner_id, to_owner_id, price, currency, notes) VALUES (143, '50', '2021-04-04', 'Sale', 41, 32, 5251.40, 'SEK', 'Gallery sale');
INSERT INTO transactions (transaction_id, artwork_id, txn_date, txn_type, from_owner_id, to_owner_id, price, currency, notes) VALUES (144, '51', '2015-01-28', 'Purchase', NULL, 49, 35904.24, 'GBP', 'Initial acquisition');
INSERT INTO transactions (transaction_id, artwork_id, txn_date, txn_type, from_owner_id, to_owner_id, price, currency, notes) VALUES (145, '51', '2020-01-24', 'Transfer', 49, 53, 58235.45, 'DKK', 'Private sale');
INSERT INTO transactions (transaction_id, artwork_id, txn_date, txn_type, from_owner_id, to_owner_id, price, currency, notes) VALUES (146, '52', '1990-10-08', 'Purchase', NULL, 30, 58669.35, 'SEK', 'Initial acquisition');
INSERT INTO transactions (transaction_id, artwork_id, txn_date, txn_type, from_owner_id, to_owner_id, price, currency, notes) VALUES (147, '52', '1995-04-18', 'LoanOut', 30, 51, NULL, NULL, 'Collection transfer');
INSERT INTO transactions (transaction_id, artwork_id, txn_date, txn_type, from_owner_id, to_owner_id, price, currency, notes) VALUES (148, '52', '1999-04-16', 'Transfer', 51, 1, 54856.82, 'SEK', 'Collection transfer');
INSERT INTO transactions (transaction_id, artwork_id, txn_date, txn_type, from_owner_id, to_owner_id, price, currency, notes) VALUES (149, '53', '2006-08-15', 'Purchase', NULL, 10, 78390.50, 'GBP', 'Initial acquisition');
INSERT INTO transactions (transaction_id, artwork_id, txn_date, txn_type, from_owner_id, to_owner_id, price, currency, notes) VALUES (150, '53', '2007-04-30', 'Purchase', 10, 37, 76957.93, 'DKK', 'On loan for show');
INSERT INTO transactions (transaction_id, artwork_id, txn_date, txn_type, from_owner_id, to_owner_id, price, currency, notes) VALUES (151, '54', '2018-07-14', 'Purchase', NULL, 10, 61874.76, 'SEK', 'Initial acquisition');
INSERT INTO transactions (transaction_id, artwork_id, txn_date, txn_type, from_owner_id, to_owner_id, price, currency, notes) VALUES (152, '54', '2021-12-09', 'LoanOut', 10, 42, NULL, NULL, 'Collection transfer');
INSERT INTO transactions (transaction_id, artwork_id, txn_date, txn_type, from_owner_id, to_owner_id, price, currency, notes) VALUES (153, '54', '2025-09-17', 'LoanOut', 42, 8, NULL, NULL, 'On loan for show');
INSERT INTO transactions (transaction_id, artwork_id, txn_date, txn_type, from_owner_id, to_owner_id, price, currency, notes) VALUES (154, '55', '1991-07-25', 'Purchase', NULL, 44, 15837.81, 'USD', 'Initial acquisition');
INSERT INTO transactions (transaction_id, artwork_id, txn_date, txn_type, from_owner_id, to_owner_id, price, currency, notes) VALUES (155, '55', '1992-04-16', 'Sale', 44, 18, 68089.13, 'USD', 'Gallery sale');
INSERT INTO transactions (transaction_id, artwork_id, txn_date, txn_type, from_owner_id, to_owner_id, price, currency, notes) VALUES (156, '56', '1997-12-17', 'Purchase', NULL, 14, 10166.16, 'EUR', 'Initial acquisition');
INSERT INTO transactions (transaction_id, artwork_id, txn_date, txn_type, from_owner_id, to_owner_id, price, currency, notes) VALUES (157, '56', '1998-12-24', 'Transfer', 14, 26, 126667.39, 'USD', 'Collection transfer');
INSERT INTO transactions (transaction_id, artwork_id, txn_date, txn_type, from_owner_id, to_owner_id, price, currency, notes) VALUES (158, '56', '2004-02-24', 'Purchase', 26, 49, 127219.24, 'DKK', 'Collection transfer');
INSERT INTO transactions (transaction_id, artwork_id, txn_date, txn_type, from_owner_id, to_owner_id, price, currency, notes) VALUES (159, '56', '2008-04-19', 'Transfer', 49, 37, 13377.10, 'EUR', 'Private sale');
INSERT INTO transactions (transaction_id, artwork_id, txn_date, txn_type, from_owner_id, to_owner_id, price, currency, notes) VALUES (160, '57', '1990-11-09', 'Purchase', NULL, 30, 11023.30, 'USD', 'Initial acquisition');
INSERT INTO transactions (transaction_id, artwork_id, txn_date, txn_type, from_owner_id, to_owner_id, price, currency, notes) VALUES (161, '57', '1996-02-23', 'Purchase', 30, 28, 102368.91, 'USD', 'Private sale');
INSERT INTO transactions (transaction_id, artwork_id, txn_date, txn_type, from_owner_id, to_owner_id, price, currency, notes) VALUES (162, '57', '1997-02-17', 'Purchase', 28, 9, 3682.99, 'GBP', 'Collection transfer');
INSERT INTO transactions (transaction_id, artwork_id, txn_date, txn_type, from_owner_id, to_owner_id, price, currency, notes) VALUES (163, '57', '1998-05-07', 'LoanOut', 9, 52, NULL, NULL, 'Private sale');
INSERT INTO transactions (transaction_id, artwork_id, txn_date, txn_type, from_owner_id, to_owner_id, price, currency, notes) VALUES (164, '58', '1994-06-19', 'Purchase', NULL, 54, 4461.32, 'DKK', 'Initial acquisition');
INSERT INTO transactions (transaction_id, artwork_id, txn_date, txn_type, from_owner_id, to_owner_id, price, currency, notes) VALUES (165, '58', '1999-01-20', 'Transfer', 54, 26, 68894.22, 'NOK', 'Collection transfer');
INSERT INTO transactions (transaction_id, artwork_id, txn_date, txn_type, from_owner_id, to_owner_id, price, currency, notes) VALUES (166, '58', '2001-10-16', 'LoanOut', 26, 49, NULL, NULL, 'Gallery sale');
INSERT INTO transactions (transaction_id, artwork_id, txn_date, txn_type, from_owner_id, to_owner_id, price, currency, notes) VALUES (167, '58', '2005-07-18', 'LoanOut', 49, 8, NULL, NULL, 'Collection transfer');
INSERT INTO transactions (transaction_id, artwork_id, txn_date, txn_type, from_owner_id, to_owner_id, price, currency, notes) VALUES (168, '59', '2012-10-31', 'Purchase', NULL, 11, 19385.81, 'NOK', 'Initial acquisition');
INSERT INTO transactions (transaction_id, artwork_id, txn_date, txn_type, from_owner_id, to_owner_id, price, currency, notes) VALUES (169, '59', '2013-07-03', 'Sale', 11, 5, 38025.17, 'USD', 'Gallery sale');
INSERT INTO transactions (transaction_id, artwork_id, txn_date, txn_type, from_owner_id, to_owner_id, price, currency, notes) VALUES (170, '60', '2007-01-12', 'Purchase', NULL, 54, 64545.30, 'SEK', 'Initial acquisition');
INSERT INTO transactions (transaction_id, artwork_id, txn_date, txn_type, from_owner_id, to_owner_id, price, currency, notes) VALUES (171, '60', '2011-06-15', 'Purchase', 54, 10, 100771.57, 'SEK', 'On loan for show');
INSERT INTO transactions (transaction_id, artwork_id, txn_date, txn_type, from_owner_id, to_owner_id, price, currency, notes) VALUES (172, '60', '2016-09-07', 'LoanOut', 10, 2, NULL, NULL, 'Auction');
INSERT INTO transactions (transaction_id, artwork_id, txn_date, txn_type, from_owner_id, to_owner_id, price, currency, notes) VALUES (173, '60', '2021-04-23', 'LoanOut', 2, 55, NULL, NULL, 'Auction');
INSERT INTO transactions (transaction_id, artwork_id, txn_date, txn_type, from_owner_id, to_owner_id, price, currency, notes) VALUES (174, '61', '2000-07-12', 'Purchase', NULL, 16, 29244.73, 'EUR', 'Initial acquisition');
INSERT INTO transactions (transaction_id, artwork_id, txn_date, txn_type, from_owner_id, to_owner_id, price, currency, notes) VALUES (175, '61', '2005-12-15', 'Sale', 16, 51, 35249.28, 'EUR', 'On loan for show');
INSERT INTO transactions (transaction_id, artwork_id, txn_date, txn_type, from_owner_id, to_owner_id, price, currency, notes) VALUES (176, '61', '2009-03-21', 'Sale', 51, 33, 61125.99, 'NOK', 'Private sale');
INSERT INTO transactions (transaction_id, artwork_id, txn_date, txn_type, from_owner_id, to_owner_id, price, currency, notes) VALUES (177, '62', '1999-03-14', 'Purchase', NULL, 19, 55082.76, 'EUR', 'Initial acquisition');
INSERT INTO transactions (transaction_id, artwork_id, txn_date, txn_type, from_owner_id, to_owner_id, price, currency, notes) VALUES (178, '62', '2000-05-13', 'Transfer', 19, 52, 76674.30, 'EUR', 'Collection transfer');
INSERT INTO transactions (transaction_id, artwork_id, txn_date, txn_type, from_owner_id, to_owner_id, price, currency, notes) VALUES (179, '62', '2002-11-18', 'Sale', 52, 7, 53685.79, 'DKK', 'On loan for show');
INSERT INTO transactions (transaction_id, artwork_id, txn_date, txn_type, from_owner_id, to_owner_id, price, currency, notes) VALUES (180, '63', '2017-12-05', 'Purchase', NULL, 50, 12797.53, 'USD', 'Initial acquisition');
INSERT INTO transactions (transaction_id, artwork_id, txn_date, txn_type, from_owner_id, to_owner_id, price, currency, notes) VALUES (181, '63', '2019-11-08', 'LoanOut', 50, 15, NULL, NULL, 'Collection transfer');
INSERT INTO transactions (transaction_id, artwork_id, txn_date, txn_type, from_owner_id, to_owner_id, price, currency, notes) VALUES (182, '63', '2024-01-02', 'LoanOut', 15, 42, NULL, NULL, '');
INSERT INTO transactions (transaction_id, artwork_id, txn_date, txn_type, from_owner_id, to_owner_id, price, currency, notes) VALUES (183, '63', '2025-01-05', 'LoanOut', 42, 32, NULL, NULL, 'Private sale');
INSERT INTO transactions (transaction_id, artwork_id, txn_date, txn_type, from_owner_id, to_owner_id, price, currency, notes) VALUES (184, '64', '2003-03-20', 'Purchase', NULL, 45, 25562.98, 'NOK', 'Initial acquisition');
INSERT INTO transactions (transaction_id, artwork_id, txn_date, txn_type, from_owner_id, to_owner_id, price, currency, notes) VALUES (185, '64', '2005-08-26', 'Purchase', 45, 33, 77876.38, 'GBP', 'Private sale');
INSERT INTO transactions (transaction_id, artwork_id, txn_date, txn_type, from_owner_id, to_owner_id, price, currency, notes) VALUES (186, '64', '2007-02-08', 'Transfer', 33, 7, 59083.87, 'SEK', 'Private sale');
INSERT INTO transactions (transaction_id, artwork_id, txn_date, txn_type, from_owner_id, to_owner_id, price, currency, notes) VALUES (187, '65', '2018-05-26', 'Purchase', NULL, 18, 50488.08, 'USD', 'Initial acquisition');
INSERT INTO transactions (transaction_id, artwork_id, txn_date, txn_type, from_owner_id, to_owner_id, price, currency, notes) VALUES (188, '65', '2022-01-19', 'Transfer', 18, 8, 16243.00, 'NOK', '');
INSERT INTO transactions (transaction_id, artwork_id, txn_date, txn_type, from_owner_id, to_owner_id, price, currency, notes) VALUES (189, '66', '2021-12-21', 'Purchase', NULL, 33, 61574.54, 'NOK', 'Initial acquisition');
INSERT INTO transactions (transaction_id, artwork_id, txn_date, txn_type, from_owner_id, to_owner_id, price, currency, notes) VALUES (190, '66', '2023-10-12', 'Sale', 33, 53, 30569.95, 'SEK', 'On loan for show');
INSERT INTO transactions (transaction_id, artwork_id, txn_date, txn_type, from_owner_id, to_owner_id, price, currency, notes) VALUES (191, '66', '2025-09-17', 'Purchase', 53, 49, 55293.60, 'EUR', 'Private sale');
INSERT INTO transactions (transaction_id, artwork_id, txn_date, txn_type, from_owner_id, to_owner_id, price, currency, notes) VALUES (192, '66', '2025-09-17', 'Sale', 49, 2, 142856.17, 'DKK', '');
INSERT INTO transactions (transaction_id, artwork_id, txn_date, txn_type, from_owner_id, to_owner_id, price, currency, notes) VALUES (193, '67', '2014-10-11', 'Purchase', NULL, 34, 63908.01, 'EUR', 'Initial acquisition');
INSERT INTO transactions (transaction_id, artwork_id, txn_date, txn_type, from_owner_id, to_owner_id, price, currency, notes) VALUES (194, '67', '2018-09-03', 'Purchase', 34, 15, 148238.08, 'USD', 'Gallery sale');
INSERT INTO transactions (transaction_id, artwork_id, txn_date, txn_type, from_owner_id, to_owner_id, price, currency, notes) VALUES (195, '67', '2022-07-11', 'Sale', 15, 23, 80024.01, 'GBP', 'Private sale');
INSERT INTO transactions (transaction_id, artwork_id, txn_date, txn_type, from_owner_id, to_owner_id, price, currency, notes) VALUES (196, '68', '2001-10-26', 'Purchase', NULL, 23, 21290.48, 'DKK', 'Initial acquisition');
INSERT INTO transactions (transaction_id, artwork_id, txn_date, txn_type, from_owner_id, to_owner_id, price, currency, notes) VALUES (197, '68', '2004-06-18', 'LoanOut', 23, 34, NULL, NULL, 'Private sale');
INSERT INTO transactions (transaction_id, artwork_id, txn_date, txn_type, from_owner_id, to_owner_id, price, currency, notes) VALUES (198, '69', '2002-08-14', 'Purchase', NULL, 35, 49697.71, 'EUR', 'Initial acquisition');
INSERT INTO transactions (transaction_id, artwork_id, txn_date, txn_type, from_owner_id, to_owner_id, price, currency, notes) VALUES (199, '69', '2006-08-19', 'Sale', 35, 1, 61335.22, 'USD', '');
INSERT INTO transactions (transaction_id, artwork_id, txn_date, txn_type, from_owner_id, to_owner_id, price, currency, notes) VALUES (200, '69', '2009-05-23', 'Purchase', 1, 27, 101921.47, 'SEK', 'Private sale');
INSERT INTO transactions (transaction_id, artwork_id, txn_date, txn_type, from_owner_id, to_owner_id, price, currency, notes) VALUES (201, '70', '1998-06-23', 'Purchase', NULL, 54, 65843.65, 'NOK', 'Initial acquisition');
INSERT INTO transactions (transaction_id, artwork_id, txn_date, txn_type, from_owner_id, to_owner_id, price, currency, notes) VALUES (202, '70', '2002-06-03', 'Purchase', 54, 28, 69282.36, 'SEK', 'Gallery sale');
INSERT INTO transactions (transaction_id, artwork_id, txn_date, txn_type, from_owner_id, to_owner_id, price, currency, notes) VALUES (203, '70', '2005-05-29', 'Sale', 28, 4, 100394.54, 'SEK', 'Collection transfer');
INSERT INTO transactions (transaction_id, artwork_id, txn_date, txn_type, from_owner_id, to_owner_id, price, currency, notes) VALUES (204, '70', '2007-01-21', 'LoanOut', 4, 48, NULL, NULL, 'On loan for show');
INSERT INTO transactions (transaction_id, artwork_id, txn_date, txn_type, from_owner_id, to_owner_id, price, currency, notes) VALUES (205, '71', '2001-12-20', 'Purchase', NULL, 22, 63789.04, 'DKK', 'Initial acquisition');
INSERT INTO transactions (transaction_id, artwork_id, txn_date, txn_type, from_owner_id, to_owner_id, price, currency, notes) VALUES (206, '71', '2006-05-27', 'Purchase', 22, 31, 78631.06, 'NOK', 'Auction');
INSERT INTO transactions (transaction_id, artwork_id, txn_date, txn_type, from_owner_id, to_owner_id, price, currency, notes) VALUES (207, '72', '1992-12-16', 'Purchase', NULL, 47, 67246.82, 'SEK', 'Initial acquisition');
INSERT INTO transactions (transaction_id, artwork_id, txn_date, txn_type, from_owner_id, to_owner_id, price, currency, notes) VALUES (208, '72', '1994-09-04', 'Sale', 47, 38, 141529.37, 'SEK', 'On loan for show');
INSERT INTO transactions (transaction_id, artwork_id, txn_date, txn_type, from_owner_id, to_owner_id, price, currency, notes) VALUES (209, '73', '2020-01-30', 'Purchase', NULL, 40, 57351.28, 'USD', 'Initial acquisition');
INSERT INTO transactions (transaction_id, artwork_id, txn_date, txn_type, from_owner_id, to_owner_id, price, currency, notes) VALUES (210, '73', '2022-08-03', 'Transfer', 40, 5, 11558.43, 'GBP', 'Gallery sale');
INSERT INTO transactions (transaction_id, artwork_id, txn_date, txn_type, from_owner_id, to_owner_id, price, currency, notes) VALUES (211, '73', '2025-09-17', 'Sale', 5, 31, 98708.65, 'DKK', 'Collection transfer');
INSERT INTO transactions (transaction_id, artwork_id, txn_date, txn_type, from_owner_id, to_owner_id, price, currency, notes) VALUES (212, '74', '2002-01-30', 'Purchase', NULL, 6, 69529.39, 'DKK', 'Initial acquisition');
INSERT INTO transactions (transaction_id, artwork_id, txn_date, txn_type, from_owner_id, to_owner_id, price, currency, notes) VALUES (213, '74', '2004-05-23', 'Sale', 6, 37, 17991.76, 'SEK', 'On loan for show');
INSERT INTO transactions (transaction_id, artwork_id, txn_date, txn_type, from_owner_id, to_owner_id, price, currency, notes) VALUES (214, '74', '2005-09-23', 'Transfer', 37, 11, 85477.99, 'SEK', '');
INSERT INTO transactions (transaction_id, artwork_id, txn_date, txn_type, from_owner_id, to_owner_id, price, currency, notes) VALUES (215, '75', '2000-10-05', 'Purchase', NULL, 24, 5019.97, 'USD', 'Initial acquisition');
INSERT INTO transactions (transaction_id, artwork_id, txn_date, txn_type, from_owner_id, to_owner_id, price, currency, notes) VALUES (216, '75', '2004-03-31', 'LoanOut', 24, 45, NULL, NULL, 'Collection transfer');
INSERT INTO transactions (transaction_id, artwork_id, txn_date, txn_type, from_owner_id, to_owner_id, price, currency, notes) VALUES (217, '76', '2011-08-13', 'Purchase', NULL, 41, 64474.17, 'USD', 'Initial acquisition');
INSERT INTO transactions (transaction_id, artwork_id, txn_date, txn_type, from_owner_id, to_owner_id, price, currency, notes) VALUES (218, '76', '2015-10-17', 'Purchase', 41, 29, 7603.73, 'EUR', 'On loan for show');
INSERT INTO transactions (transaction_id, artwork_id, txn_date, txn_type, from_owner_id, to_owner_id, price, currency, notes) VALUES (219, '77', '2007-08-19', 'Purchase', NULL, 43, 67483.05, 'GBP', 'Initial acquisition');
INSERT INTO transactions (transaction_id, artwork_id, txn_date, txn_type, from_owner_id, to_owner_id, price, currency, notes) VALUES (220, '77', '2009-09-13', 'Purchase', 43, 35, 142270.56, 'DKK', 'On loan for show');

-- ownership
INSERT INTO ownership (ownership_id, artwork_id, owner_id, acquired_date, relinquished_date, source_document, notes) VALUES (1, '1', '48', '2022-11-10', '2024-10-27', 'Doc-OWN_xx8io6rfoe', 'Private collection');
INSERT INTO ownership (ownership_id, artwork_id, owner_id, acquired_date, relinquished_date, source_document, notes) VALUES (2, '1', '52', '2024-10-27', '2025-09-17', 'Doc-OWN_1xcuk3mxqm', 'Deaccessioned');
INSERT INTO ownership (ownership_id, artwork_id, owner_id, acquired_date, relinquished_date, source_document, notes) VALUES (3, '1', '2', '2025-09-17', NULL, 'Doc-OWN_92p24w52cg', 'Donation record');
INSERT INTO ownership (ownership_id, artwork_id, owner_id, acquired_date, relinquished_date, source_document, notes) VALUES (4, '2', '2', '1998-02-05', '2000-01-11', 'Doc-OWN_fprxt0tczv', 'Donation record');
INSERT INTO ownership (ownership_id, artwork_id, owner_id, acquired_date, relinquished_date, source_document, notes) VALUES (5, '2', '32', '2000-01-11', '2001-11-23', 'Doc-OWN_kvsu8v8prz', 'Donation record');
INSERT INTO ownership (ownership_id, artwork_id, owner_id, acquired_date, relinquished_date, source_document, notes) VALUES (6, '2', '14', '2001-11-23', NULL, 'Doc-OWN_vwpgcqfqfg', 'Secondary market');
INSERT INTO ownership (ownership_id, artwork_id, owner_id, acquired_date, relinquished_date, source_document, notes) VALUES (7, '3', '43', '1990-10-21', '1996-03-30', 'Doc-OWN_suybl68enh', 'Permanent collection');
INSERT INTO ownership (ownership_id, artwork_id, owner_id, acquired_date, relinquished_date, source_document, notes) VALUES (8, '3', '2', '1996-03-30', '2001-04-05', 'Doc-OWN_phkn89a4y8', 'Deaccessioned');
INSERT INTO ownership (ownership_id, artwork_id, owner_id, acquired_date, relinquished_date, source_document, notes) VALUES (9, '3', '16', '2001-04-05', NULL, 'Doc-OWN_atmedrknmw', 'Permanent collection');
INSERT INTO ownership (ownership_id, artwork_id, owner_id, acquired_date, relinquished_date, source_document, notes) VALUES (10, '4', '4', '2021-11-26', '2025-09-17', 'Doc-OWN_iwid9uqp16', 'Donation record');
INSERT INTO ownership (ownership_id, artwork_id, owner_id, acquired_date, relinquished_date, source_document, notes) VALUES (11, '4', '45', '2025-09-17', '2025-09-17', 'Doc-OWN_b3lswfhm4m', '');
INSERT INTO ownership (ownership_id, artwork_id, owner_id, acquired_date, relinquished_date, source_document, notes) VALUES (12, '4', '1', '2025-09-17', NULL, 'Doc-OWN_z6c1jz4msz', 'Private collection');
INSERT INTO ownership (ownership_id, artwork_id, owner_id, acquired_date, relinquished_date, source_document, notes) VALUES (13, '5', '43', '2021-08-18', '2022-04-27', 'Doc-OWN_xloztditaj', 'Donation record');
INSERT INTO ownership (ownership_id, artwork_id, owner_id, acquired_date, relinquished_date, source_document, notes) VALUES (14, '5', '17', '2022-04-27', NULL, 'Doc-OWN_xgv5c64650', 'Secondary market');
INSERT INTO ownership (ownership_id, artwork_id, owner_id, acquired_date, relinquished_date, source_document, notes) VALUES (15, '6', '51', '1993-11-07', '1995-08-16', 'Doc-OWN_j3ing7bvl0', 'Secondary market');
INSERT INTO ownership (ownership_id, artwork_id, owner_id, acquired_date, relinquished_date, source_document, notes) VALUES (16, '6', '46', '1995-08-16', '1996-12-13', 'Doc-OWN_ipjjf3em98', 'Private collection');
INSERT INTO ownership (ownership_id, artwork_id, owner_id, acquired_date, relinquished_date, source_document, notes) VALUES (17, '6', '12', '1996-12-13', '2000-09-06', 'Doc-OWN_oijdubmcv9', 'Donation record');
INSERT INTO ownership (ownership_id, artwork_id, owner_id, acquired_date, relinquished_date, source_document, notes) VALUES (18, '6', '39', '2000-09-06', NULL, 'Doc-OWN_64haw0swyu', 'Secondary market');
INSERT INTO ownership (ownership_id, artwork_id, owner_id, acquired_date, relinquished_date, source_document, notes) VALUES (19, '7', '31', '2021-10-28', '2023-09-19', 'Doc-OWN_jrv2x1nlg1', 'Private collection');
INSERT INTO ownership (ownership_id, artwork_id, owner_id, acquired_date, relinquished_date, source_document, notes) VALUES (20, '7', '42', '2023-09-19', '2024-08-23', 'Doc-OWN_teg7bs5x18', 'Deaccessioned');
INSERT INTO ownership (ownership_id, artwork_id, owner_id, acquired_date, relinquished_date, source_document, notes) VALUES (21, '7', '52', '2024-08-23', NULL, 'Doc-OWN_9cey183bh5', 'Permanent collection');
INSERT INTO ownership (ownership_id, artwork_id, owner_id, acquired_date, relinquished_date, source_document, notes) VALUES (22, '8', '44', '2005-08-23', '2009-07-23', 'Doc-OWN_gxzgl8zucc', 'Deaccessioned');
INSERT INTO ownership (ownership_id, artwork_id, owner_id, acquired_date, relinquished_date, source_document, notes) VALUES (23, '8', '28', '2009-07-23', NULL, 'Doc-OWN_29reavkmrq', 'Deaccessioned');
INSERT INTO ownership (ownership_id, artwork_id, owner_id, acquired_date, relinquished_date, source_document, notes) VALUES (24, '9', '21', '1997-02-25', '1999-01-04', 'Doc-OWN_lnekyzpwsm', 'Deaccessioned');
INSERT INTO ownership (ownership_id, artwork_id, owner_id, acquired_date, relinquished_date, source_document, notes) VALUES (25, '9', '33', '1999-01-04', '1999-11-28', 'Doc-OWN_7r2q3cuwzg', 'Private collection');
INSERT INTO ownership (ownership_id, artwork_id, owner_id, acquired_date, relinquished_date, source_document, notes) VALUES (26, '9', '8', '1999-11-28', NULL, 'Doc-OWN_l2iolkdx8t', 'Donation record');
INSERT INTO ownership (ownership_id, artwork_id, owner_id, acquired_date, relinquished_date, source_document, notes) VALUES (27, '10', '23', '1990-05-17', '1991-01-29', 'Doc-OWN_4bjzcawfwn', 'Secondary market');
INSERT INTO ownership (ownership_id, artwork_id, owner_id, acquired_date, relinquished_date, source_document, notes) VALUES (28, '10', '24', '1991-01-29', '1995-12-07', 'Doc-OWN_3q6q0hqx4u', 'Permanent collection');
INSERT INTO ownership (ownership_id, artwork_id, owner_id, acquired_date, relinquished_date, source_document, notes) VALUES (29, '10', '48', '1995-12-07', NULL, 'Doc-OWN_1owtwdbiuu', 'Secondary market');
INSERT INTO ownership (ownership_id, artwork_id, owner_id, acquired_date, relinquished_date, source_document, notes) VALUES (30, '11', '9', '2018-08-16', '2023-04-01', 'Doc-OWN_cb7equ70z3', 'Deaccessioned');
INSERT INTO ownership (ownership_id, artwork_id, owner_id, acquired_date, relinquished_date, source_document, notes) VALUES (31, '11', '4', '2023-04-01', NULL, 'Doc-OWN_080yp2m0g8', 'Permanent collection');
INSERT INTO ownership (ownership_id, artwork_id, owner_id, acquired_date, relinquished_date, source_document, notes) VALUES (32, '12', '26', '2005-11-11', '2006-08-06', 'Doc-OWN_lltirl288f', 'Deaccessioned');
INSERT INTO ownership (ownership_id, artwork_id, owner_id, acquired_date, relinquished_date, source_document, notes) VALUES (33, '12', '1', '2006-08-06', NULL, 'Doc-OWN_5uw5hbjjsz', 'Donation record');
INSERT INTO ownership (ownership_id, artwork_id, owner_id, acquired_date, relinquished_date, source_document, notes) VALUES (34, '13', '10', '2007-05-02', '2012-10-11', 'Doc-OWN_t8vcxwtjf4', 'Permanent collection');
INSERT INTO ownership (ownership_id, artwork_id, owner_id, acquired_date, relinquished_date, source_document, notes) VALUES (35, '13', '11', '2012-10-11', NULL, 'Doc-OWN_b7easavyjk', 'Private collection');
INSERT INTO ownership (ownership_id, artwork_id, owner_id, acquired_date, relinquished_date, source_document, notes) VALUES (36, '14', '2', '2021-11-17', '2025-09-17', 'Doc-OWN_t2ko0myqr4', 'Permanent collection');
INSERT INTO ownership (ownership_id, artwork_id, owner_id, acquired_date, relinquished_date, source_document, notes) VALUES (37, '14', '40', '2025-09-17', '2025-09-17', 'Doc-OWN_ku7f7d8aiy', 'Donation record');
INSERT INTO ownership (ownership_id, artwork_id, owner_id, acquired_date, relinquished_date, source_document, notes) VALUES (38, '14', '5', '2025-09-17', NULL, 'Doc-OWN_0k069tq5o4', 'Deaccessioned');
INSERT INTO ownership (ownership_id, artwork_id, owner_id, acquired_date, relinquished_date, source_document, notes) VALUES (39, '15', '24', '2021-02-24', '2024-07-22', 'Doc-OWN_kaaqps6ql7', 'Private collection');
INSERT INTO ownership (ownership_id, artwork_id, owner_id, acquired_date, relinquished_date, source_document, notes) VALUES (40, '15', '7', '2024-07-22', '2025-09-17', 'Doc-OWN_81exjg6eqw', 'Permanent collection');
INSERT INTO ownership (ownership_id, artwork_id, owner_id, acquired_date, relinquished_date, source_document, notes) VALUES (41, '15', '22', '2025-09-17', '2025-09-17', 'Doc-OWN_obski4y02r', 'Secondary market');
INSERT INTO ownership (ownership_id, artwork_id, owner_id, acquired_date, relinquished_date, source_document, notes) VALUES (42, '15', '2', '2025-09-17', NULL, 'Doc-OWN_p1nj4agcx2', 'Secondary market');
INSERT INTO ownership (ownership_id, artwork_id, owner_id, acquired_date, relinquished_date, source_document, notes) VALUES (43, '16', '13', '2014-06-24', '2016-10-14', 'Doc-OWN_j7dophodqz', 'Permanent collection');
INSERT INTO ownership (ownership_id, artwork_id, owner_id, acquired_date, relinquished_date, source_document, notes) VALUES (44, '16', '19', '2016-10-14', '2017-06-11', 'Doc-OWN_kho8slow0q', 'Donation record');
INSERT INTO ownership (ownership_id, artwork_id, owner_id, acquired_date, relinquished_date, source_document, notes) VALUES (45, '16', '41', '2017-06-11', NULL, 'Doc-OWN_or6583vr0s', '');
INSERT INTO ownership (ownership_id, artwork_id, owner_id, acquired_date, relinquished_date, source_document, notes) VALUES (46, '17', '13', '1993-10-03', '1995-11-14', 'Doc-OWN_fa5ob935ib', 'Secondary market');
INSERT INTO ownership (ownership_id, artwork_id, owner_id, acquired_date, relinquished_date, source_document, notes) VALUES (47, '17', '41', '1995-11-14', '1998-02-06', 'Doc-OWN_uts6v2sten', 'Deaccessioned');
INSERT INTO ownership (ownership_id, artwork_id, owner_id, acquired_date, relinquished_date, source_document, notes) VALUES (48, '17', '38', '1998-02-06', NULL, 'Doc-OWN_g1ee7lxgxd', 'Secondary market');
INSERT INTO ownership (ownership_id, artwork_id, owner_id, acquired_date, relinquished_date, source_document, notes) VALUES (49, '18', '48', '2006-06-24', '2010-08-02', 'Doc-OWN_suag1in9zr', 'Permanent collection');
INSERT INTO ownership (ownership_id, artwork_id, owner_id, acquired_date, relinquished_date, source_document, notes) VALUES (50, '18', '9', '2010-08-02', '2014-01-12', 'Doc-OWN_lvlcmaos35', '');
INSERT INTO ownership (ownership_id, artwork_id, owner_id, acquired_date, relinquished_date, source_document, notes) VALUES (51, '18', '52', '2014-01-12', '2014-08-20', 'Doc-OWN_tket9yz052', 'Donation record');
INSERT INTO ownership (ownership_id, artwork_id, owner_id, acquired_date, relinquished_date, source_document, notes) VALUES (52, '18', '33', '2014-08-20', NULL, 'Doc-OWN_cetobwtcfp', 'Donation record');
INSERT INTO ownership (ownership_id, artwork_id, owner_id, acquired_date, relinquished_date, source_document, notes) VALUES (53, '19', '38', '2011-07-10', '2015-09-27', 'Doc-OWN_frvwdgkfxz', '');
INSERT INTO ownership (ownership_id, artwork_id, owner_id, acquired_date, relinquished_date, source_document, notes) VALUES (54, '19', '4', '2015-09-27', '2020-10-02', 'Doc-OWN_m6pgbk3fy1', 'Deaccessioned');
INSERT INTO ownership (ownership_id, artwork_id, owner_id, acquired_date, relinquished_date, source_document, notes) VALUES (55, '19', '26', '2020-10-02', NULL, 'Doc-OWN_plhdm9uox3', 'Secondary market');
INSERT INTO ownership (ownership_id, artwork_id, owner_id, acquired_date, relinquished_date, source_document, notes) VALUES (56, '20', '10', '2000-04-22', '2004-03-09', 'Doc-OWN_8n17oa9qun', 'Permanent collection');
INSERT INTO ownership (ownership_id, artwork_id, owner_id, acquired_date, relinquished_date, source_document, notes) VALUES (57, '20', '6', '2004-03-09', '2008-06-26', 'Doc-OWN_3j7374xmof', 'Secondary market');
INSERT INTO ownership (ownership_id, artwork_id, owner_id, acquired_date, relinquished_date, source_document, notes) VALUES (58, '20', '32', '2008-06-26', '2012-09-14', 'Doc-OWN_i3hk5kj8v5', 'Permanent collection');
INSERT INTO ownership (ownership_id, artwork_id, owner_id, acquired_date, relinquished_date, source_document, notes) VALUES (59, '20', '10', '2012-09-14', NULL, 'Doc-OWN_bj69l3wul2', 'Private collection');
INSERT INTO ownership (ownership_id, artwork_id, owner_id, acquired_date, relinquished_date, source_document, notes) VALUES (60, '21', '45', '2007-03-19', '2008-02-04', 'Doc-OWN_a9s4mspev4', 'Donation record');
INSERT INTO ownership (ownership_id, artwork_id, owner_id, acquired_date, relinquished_date, source_document, notes) VALUES (61, '21', '1', '2008-02-04', NULL, 'Doc-OWN_ipm2zqxj4x', '');
INSERT INTO ownership (ownership_id, artwork_id, owner_id, acquired_date, relinquished_date, source_document, notes) VALUES (62, '22', '2', '2006-03-02', '2009-07-18', 'Doc-OWN_ozk43rdpev', 'Donation record');
INSERT INTO ownership (ownership_id, artwork_id, owner_id, acquired_date, relinquished_date, source_document, notes) VALUES (63, '22', '39', '2009-07-18', NULL, 'Doc-OWN_8po2bp4lxi', 'Permanent collection');
INSERT INTO ownership (ownership_id, artwork_id, owner_id, acquired_date, relinquished_date, source_document, notes) VALUES (64, '23', '35', '2005-05-12', '2007-06-14', 'Doc-OWN_1tsf4fyi3b', 'Permanent collection');
INSERT INTO ownership (ownership_id, artwork_id, owner_id, acquired_date, relinquished_date, source_document, notes) VALUES (65, '23', '6', '2007-06-14', NULL, 'Doc-OWN_fk95hmau16', 'Permanent collection');
INSERT INTO ownership (ownership_id, artwork_id, owner_id, acquired_date, relinquished_date, source_document, notes) VALUES (66, '24', '29', '2016-09-23', '2018-03-17', 'Doc-OWN_5dpxyo3jse', 'Donation record');
INSERT INTO ownership (ownership_id, artwork_id, owner_id, acquired_date, relinquished_date, source_document, notes) VALUES (67, '24', '34', '2018-03-17', '2020-03-06', 'Doc-OWN_13wzo2gj5z', 'Private collection');
INSERT INTO ownership (ownership_id, artwork_id, owner_id, acquired_date, relinquished_date, source_document, notes) VALUES (68, '24', '52', '2020-03-06', '2024-01-24', 'Doc-OWN_63xe2zyad8', 'Permanent collection');
INSERT INTO ownership (ownership_id, artwork_id, owner_id, acquired_date, relinquished_date, source_document, notes) VALUES (69, '24', '31', '2024-01-24', NULL, 'Doc-OWN_e7v90ngqno', '');
INSERT INTO ownership (ownership_id, artwork_id, owner_id, acquired_date, relinquished_date, source_document, notes) VALUES (70, '25', '4', '2014-02-15', '2016-08-02', 'Doc-OWN_44d03ix5we', 'Private collection');
INSERT INTO ownership (ownership_id, artwork_id, owner_id, acquired_date, relinquished_date, source_document, notes) VALUES (71, '25', '27', '2016-08-02', NULL, 'Doc-OWN_kqcj627m0k', 'Secondary market');
INSERT INTO ownership (ownership_id, artwork_id, owner_id, acquired_date, relinquished_date, source_document, notes) VALUES (72, '26', '14', '2017-01-15', '2020-10-26', 'Doc-OWN_glz3mugslh', 'Donation record');
INSERT INTO ownership (ownership_id, artwork_id, owner_id, acquired_date, relinquished_date, source_document, notes) VALUES (73, '26', '7', '2020-10-26', NULL, 'Doc-OWN_5xqttaocwr', 'Donation record');
INSERT INTO ownership (ownership_id, artwork_id, owner_id, acquired_date, relinquished_date, source_document, notes) VALUES (74, '27', '47', '2010-11-07', '2013-06-11', 'Doc-OWN_xvv4on8bc1', 'Permanent collection');
INSERT INTO ownership (ownership_id, artwork_id, owner_id, acquired_date, relinquished_date, source_document, notes) VALUES (75, '27', '18', '2013-06-11', NULL, 'Doc-OWN_ldq678920k', 'Secondary market');
INSERT INTO ownership (ownership_id, artwork_id, owner_id, acquired_date, relinquished_date, source_document, notes) VALUES (76, '28', '4', '2005-01-14', '2007-10-11', 'Doc-OWN_9tfp9x4lsf', '');
INSERT INTO ownership (ownership_id, artwork_id, owner_id, acquired_date, relinquished_date, source_document, notes) VALUES (77, '28', '12', '2007-10-11', '2010-12-20', 'Doc-OWN_sxrogc7r5z', 'Deaccessioned');
INSERT INTO ownership (ownership_id, artwork_id, owner_id, acquired_date, relinquished_date, source_document, notes) VALUES (78, '28', '9', '2010-12-20', '2015-10-21', 'Doc-OWN_q9k6nb2d68', 'Secondary market');
INSERT INTO ownership (ownership_id, artwork_id, owner_id, acquired_date, relinquished_date, source_document, notes) VALUES (79, '28', '3', '2015-10-21', NULL, 'Doc-OWN_738pc5dkle', 'Private collection');
INSERT INTO ownership (ownership_id, artwork_id, owner_id, acquired_date, relinquished_date, source_document, notes) VALUES (80, '29', '26', '2006-07-16', '2011-05-14', 'Doc-OWN_441d0doam8', 'Deaccessioned');
INSERT INTO ownership (ownership_id, artwork_id, owner_id, acquired_date, relinquished_date, source_document, notes) VALUES (81, '29', '53', '2011-05-14', '2014-09-28', 'Doc-OWN_kl8e8duiot', 'Deaccessioned');
INSERT INTO ownership (ownership_id, artwork_id, owner_id, acquired_date, relinquished_date, source_document, notes) VALUES (82, '29', '52', '2014-09-28', NULL, 'Doc-OWN_frwpzi6akc', 'Donation record');
INSERT INTO ownership (ownership_id, artwork_id, owner_id, acquired_date, relinquished_date, source_document, notes) VALUES (83, '30', '41', '2017-06-17', '2022-09-22', 'Doc-OWN_d8esq46597', 'Deaccessioned');
INSERT INTO ownership (ownership_id, artwork_id, owner_id, acquired_date, relinquished_date, source_document, notes) VALUES (84, '30', '21', '2022-09-22', '2025-09-17', 'Doc-OWN_po8pw7f4c2', 'Deaccessioned');
INSERT INTO ownership (ownership_id, artwork_id, owner_id, acquired_date, relinquished_date, source_document, notes) VALUES (85, '30', '19', '2025-09-17', NULL, 'Doc-OWN_nzb2j13qa0', 'Deaccessioned');
INSERT INTO ownership (ownership_id, artwork_id, owner_id, acquired_date, relinquished_date, source_document, notes) VALUES (86, '31', '46', '2003-02-11', '2004-10-10', 'Doc-OWN_782xjilxcf', 'Donation record');
INSERT INTO ownership (ownership_id, artwork_id, owner_id, acquired_date, relinquished_date, source_document, notes) VALUES (87, '31', '52', '2004-10-10', '2007-02-18', 'Doc-OWN_3pmkfd17jk', '');
INSERT INTO ownership (ownership_id, artwork_id, owner_id, acquired_date, relinquished_date, source_document, notes) VALUES (88, '31', '6', '2007-02-18', NULL, 'Doc-OWN_k5acl4mf2f', 'Private collection');
INSERT INTO ownership (ownership_id, artwork_id, owner_id, acquired_date, relinquished_date, source_document, notes) VALUES (89, '32', '20', '2009-09-18', '2010-12-07', 'Doc-OWN_whswpd36xt', '');
INSERT INTO ownership (ownership_id, artwork_id, owner_id, acquired_date, relinquished_date, source_document, notes) VALUES (90, '32', '1', '2010-12-07', NULL, 'Doc-OWN_fp33o7pmxm', 'Deaccessioned');
INSERT INTO ownership (ownership_id, artwork_id, owner_id, acquired_date, relinquished_date, source_document, notes) VALUES (91, '33', '47', '2011-07-25', '2013-12-21', 'Doc-OWN_72eqrshezi', 'Private collection');
INSERT INTO ownership (ownership_id, artwork_id, owner_id, acquired_date, relinquished_date, source_document, notes) VALUES (92, '33', '8', '2013-12-21', '2017-07-17', 'Doc-OWN_0tbvtsm9f1', 'Secondary market');
INSERT INTO ownership (ownership_id, artwork_id, owner_id, acquired_date, relinquished_date, source_document, notes) VALUES (93, '33', '51', '2017-07-17', '2020-08-13', 'Doc-OWN_qvopq3trwe', 'Permanent collection');
INSERT INTO ownership (ownership_id, artwork_id, owner_id, acquired_date, relinquished_date, source_document, notes) VALUES (94, '33', '49', '2020-08-13', NULL, 'Doc-OWN_tjf83ut7z5', 'Private collection');
INSERT INTO ownership (ownership_id, artwork_id, owner_id, acquired_date, relinquished_date, source_document, notes) VALUES (95, '34', '28', '2022-11-18', '2025-02-09', 'Doc-OWN_x8589x44bs', '');
INSERT INTO ownership (ownership_id, artwork_id, owner_id, acquired_date, relinquished_date, source_document, notes) VALUES (96, '34', '4', '2025-02-09', '2025-09-17', 'Doc-OWN_jukkxzsgy6', 'Deaccessioned');
INSERT INTO ownership (ownership_id, artwork_id, owner_id, acquired_date, relinquished_date, source_document, notes) VALUES (97, '34', '5', '2025-09-17', '2025-09-17', 'Doc-OWN_pahpji6y2z', 'Secondary market');
INSERT INTO ownership (ownership_id, artwork_id, owner_id, acquired_date, relinquished_date, source_document, notes) VALUES (98, '34', '28', '2025-09-17', NULL, 'Doc-OWN_zepb60o474', 'Secondary market');
INSERT INTO ownership (ownership_id, artwork_id, owner_id, acquired_date, relinquished_date, source_document, notes) VALUES (99, '35', '43', '2020-01-03', '2022-07-28', 'Doc-OWN_cy995jfn8w', 'Donation record');
INSERT INTO ownership (ownership_id, artwork_id, owner_id, acquired_date, relinquished_date, source_document, notes) VALUES (100, '35', '44', '2022-07-28', '2024-06-21', 'Doc-OWN_ly3mnmtxe3', 'Donation record');
INSERT INTO ownership (ownership_id, artwork_id, owner_id, acquired_date, relinquished_date, source_document, notes) VALUES (101, '35', '35', '2024-06-21', '2025-09-17', 'Doc-OWN_ifoieopu5d', 'Deaccessioned');
INSERT INTO ownership (ownership_id, artwork_id, owner_id, acquired_date, relinquished_date, source_document, notes) VALUES (102, '35', '30', '2025-09-17', NULL, 'Doc-OWN_287f144pyn', 'Deaccessioned');
INSERT INTO ownership (ownership_id, artwork_id, owner_id, acquired_date, relinquished_date, source_document, notes) VALUES (103, '36', '35', '2011-08-05', '2017-01-17', 'Doc-OWN_4qaru6pim5', 'Secondary market');
INSERT INTO ownership (ownership_id, artwork_id, owner_id, acquired_date, relinquished_date, source_document, notes) VALUES (104, '36', '14', '2017-01-17', '2021-03-16', 'Doc-OWN_epotx0267d', 'Permanent collection');
INSERT INTO ownership (ownership_id, artwork_id, owner_id, acquired_date, relinquished_date, source_document, notes) VALUES (105, '36', '2', '2021-03-16', '2023-05-27', 'Doc-OWN_z2fl0ps7zv', 'Permanent collection');
INSERT INTO ownership (ownership_id, artwork_id, owner_id, acquired_date, relinquished_date, source_document, notes) VALUES (106, '36', '36', '2023-05-27', NULL, 'Doc-OWN_9ezayj2uz1', 'Secondary market');
INSERT INTO ownership (ownership_id, artwork_id, owner_id, acquired_date, relinquished_date, source_document, notes) VALUES (107, '37', '13', '2008-07-24', '2009-09-15', 'Doc-OWN_zhcqcbnr5m', 'Secondary market');
INSERT INTO ownership (ownership_id, artwork_id, owner_id, acquired_date, relinquished_date, source_document, notes) VALUES (108, '37', '6', '2009-09-15', '2011-11-27', 'Doc-OWN_lml2hstfap', 'Secondary market');
INSERT INTO ownership (ownership_id, artwork_id, owner_id, acquired_date, relinquished_date, source_document, notes) VALUES (109, '37', '8', '2011-11-27', NULL, 'Doc-OWN_kf0vjwkv9k', 'Secondary market');
INSERT INTO ownership (ownership_id, artwork_id, owner_id, acquired_date, relinquished_date, source_document, notes) VALUES (110, '38', '12', '2017-03-13', '2019-10-14', 'Doc-OWN_yl09rlcvyl', 'Private collection');
INSERT INTO ownership (ownership_id, artwork_id, owner_id, acquired_date, relinquished_date, source_document, notes) VALUES (111, '38', '31', '2019-10-14', '2023-06-22', 'Doc-OWN_nh6pexe809', 'Deaccessioned');
INSERT INTO ownership (ownership_id, artwork_id, owner_id, acquired_date, relinquished_date, source_document, notes) VALUES (112, '38', '17', '2023-06-22', NULL, 'Doc-OWN_oqk570wsqr', 'Deaccessioned');
INSERT INTO ownership (ownership_id, artwork_id, owner_id, acquired_date, relinquished_date, source_document, notes) VALUES (113, '39', '32', '1990-03-03', '1993-12-27', 'Doc-OWN_49gou8b070', 'Private collection');
INSERT INTO ownership (ownership_id, artwork_id, owner_id, acquired_date, relinquished_date, source_document, notes) VALUES (114, '39', '51', '1993-12-27', NULL, 'Doc-OWN_au9xvi09ca', 'Deaccessioned');
INSERT INTO ownership (ownership_id, artwork_id, owner_id, acquired_date, relinquished_date, source_document, notes) VALUES (115, '40', '30', '1994-05-15', '1995-12-24', 'Doc-OWN_fxko0kqu5o', '');
INSERT INTO ownership (ownership_id, artwork_id, owner_id, acquired_date, relinquished_date, source_document, notes) VALUES (116, '40', '20', '1995-12-24', '2001-05-29', 'Doc-OWN_ss5r7711fi', 'Permanent collection');
INSERT INTO ownership (ownership_id, artwork_id, owner_id, acquired_date, relinquished_date, source_document, notes) VALUES (117, '40', '35', '2001-05-29', NULL, 'Doc-OWN_ntnf151984', 'Secondary market');
INSERT INTO ownership (ownership_id, artwork_id, owner_id, acquired_date, relinquished_date, source_document, notes) VALUES (118, '41', '18', '2013-11-15', '2018-03-02', 'Doc-OWN_pawikmzzyg', 'Permanent collection');
INSERT INTO ownership (ownership_id, artwork_id, owner_id, acquired_date, relinquished_date, source_document, notes) VALUES (119, '41', '19', '2018-03-02', '2019-10-15', 'Doc-OWN_cd7o5a81gw', 'Donation record');
INSERT INTO ownership (ownership_id, artwork_id, owner_id, acquired_date, relinquished_date, source_document, notes) VALUES (120, '41', '35', '2019-10-15', NULL, 'Doc-OWN_47ytuc0v43', 'Permanent collection');
INSERT INTO ownership (ownership_id, artwork_id, owner_id, acquired_date, relinquished_date, source_document, notes) VALUES (121, '42', '16', '2007-10-12', '2011-08-31', 'Doc-OWN_o62xmk8bg0', '');
INSERT INTO ownership (ownership_id, artwork_id, owner_id, acquired_date, relinquished_date, source_document, notes) VALUES (122, '42', '9', '2011-08-31', '2013-10-04', 'Doc-OWN_sftnkrulvy', 'Private collection');
INSERT INTO ownership (ownership_id, artwork_id, owner_id, acquired_date, relinquished_date, source_document, notes) VALUES (123, '42', '30', '2013-10-04', NULL, 'Doc-OWN_piqxmof0va', 'Deaccessioned');
INSERT INTO ownership (ownership_id, artwork_id, owner_id, acquired_date, relinquished_date, source_document, notes) VALUES (124, '43', '36', '1998-07-29', '2000-02-26', 'Doc-OWN_rhxwm7zv4x', '');
INSERT INTO ownership (ownership_id, artwork_id, owner_id, acquired_date, relinquished_date, source_document, notes) VALUES (125, '43', '38', '2000-02-26', NULL, 'Doc-OWN_s38hw7sk9y', 'Permanent collection');
INSERT INTO ownership (ownership_id, artwork_id, owner_id, acquired_date, relinquished_date, source_document, notes) VALUES (126, '44', '11', '2013-06-16', '2018-09-29', 'Doc-OWN_mnm7h6qg7s', 'Permanent collection');
INSERT INTO ownership (ownership_id, artwork_id, owner_id, acquired_date, relinquished_date, source_document, notes) VALUES (127, '44', '10', '2018-09-29', NULL, 'Doc-OWN_kwvssx1s11', 'Donation record');
INSERT INTO ownership (ownership_id, artwork_id, owner_id, acquired_date, relinquished_date, source_document, notes) VALUES (128, '45', '19', '2010-01-02', '2013-12-30', 'Doc-OWN_dfmc7upslp', 'Deaccessioned');
INSERT INTO ownership (ownership_id, artwork_id, owner_id, acquired_date, relinquished_date, source_document, notes) VALUES (129, '45', '53', '2013-12-30', '2015-03-11', 'Doc-OWN_1pa58t66kv', 'Deaccessioned');
INSERT INTO ownership (ownership_id, artwork_id, owner_id, acquired_date, relinquished_date, source_document, notes) VALUES (130, '45', '45', '2015-03-11', NULL, 'Doc-OWN_y3v3t9m99i', '');
INSERT INTO ownership (ownership_id, artwork_id, owner_id, acquired_date, relinquished_date, source_document, notes) VALUES (131, '46', '25', '2014-05-11', '2019-09-21', 'Doc-OWN_nh042rnre1', '');
INSERT INTO ownership (ownership_id, artwork_id, owner_id, acquired_date, relinquished_date, source_document, notes) VALUES (132, '46', '22', '2019-09-21', NULL, 'Doc-OWN_z1q6luhnvy', 'Permanent collection');
INSERT INTO ownership (ownership_id, artwork_id, owner_id, acquired_date, relinquished_date, source_document, notes) VALUES (133, '47', '33', '2011-07-06', '2016-08-24', 'Doc-OWN_ucswnir9pa', 'Secondary market');
INSERT INTO ownership (ownership_id, artwork_id, owner_id, acquired_date, relinquished_date, source_document, notes) VALUES (134, '47', '31', '2016-08-24', '2017-08-20', 'Doc-OWN_1hywf75538', '');
INSERT INTO ownership (ownership_id, artwork_id, owner_id, acquired_date, relinquished_date, source_document, notes) VALUES (135, '47', '4', '2017-08-20', NULL, 'Doc-OWN_luhkv8sv5x', 'Secondary market');
INSERT INTO ownership (ownership_id, artwork_id, owner_id, acquired_date, relinquished_date, source_document, notes) VALUES (136, '48', '10', '2006-01-29', '2010-01-19', 'Doc-OWN_2cenk3833c', 'Deaccessioned');
INSERT INTO ownership (ownership_id, artwork_id, owner_id, acquired_date, relinquished_date, source_document, notes) VALUES (137, '48', '28', '2010-01-19', NULL, 'Doc-OWN_u5i1qjaj44', 'Permanent collection');
INSERT INTO ownership (ownership_id, artwork_id, owner_id, acquired_date, relinquished_date, source_document, notes) VALUES (138, '49', '16', '2010-12-09', '2013-10-31', 'Doc-OWN_yw4vprlew0', 'Private collection');
INSERT INTO ownership (ownership_id, artwork_id, owner_id, acquired_date, relinquished_date, source_document, notes) VALUES (139, '49', '40', '2013-10-31', NULL, 'Doc-OWN_ce9liwb42o', 'Permanent collection');
INSERT INTO ownership (ownership_id, artwork_id, owner_id, acquired_date, relinquished_date, source_document, notes) VALUES (140, '50', '19', '2012-02-16', '2015-06-21', 'Doc-OWN_awikuguyyd', '');
INSERT INTO ownership (ownership_id, artwork_id, owner_id, acquired_date, relinquished_date, source_document, notes) VALUES (141, '50', '48', '2015-06-21', '2016-07-04', 'Doc-OWN_t7ezb6goe9', 'Permanent collection');
INSERT INTO ownership (ownership_id, artwork_id, owner_id, acquired_date, relinquished_date, source_document, notes) VALUES (142, '50', '41', '2016-07-04', '2021-04-04', 'Doc-OWN_6jhr3gnh15', 'Donation record');
INSERT INTO ownership (ownership_id, artwork_id, owner_id, acquired_date, relinquished_date, source_document, notes) VALUES (143, '50', '32', '2021-04-04', NULL, 'Doc-OWN_k0o0z1owm9', 'Secondary market');
INSERT INTO ownership (ownership_id, artwork_id, owner_id, acquired_date, relinquished_date, source_document, notes) VALUES (144, '51', '49', '2015-01-28', '2020-01-24', 'Doc-OWN_0jrwfys5v8', '');
INSERT INTO ownership (ownership_id, artwork_id, owner_id, acquired_date, relinquished_date, source_document, notes) VALUES (145, '51', '53', '2020-01-24', NULL, 'Doc-OWN_8kivc5d30j', 'Donation record');
INSERT INTO ownership (ownership_id, artwork_id, owner_id, acquired_date, relinquished_date, source_document, notes) VALUES (146, '52', '30', '1990-10-08', '1995-04-18', 'Doc-OWN_p7w4gozj2v', 'Secondary market');
INSERT INTO ownership (ownership_id, artwork_id, owner_id, acquired_date, relinquished_date, source_document, notes) VALUES (147, '52', '51', '1995-04-18', '1999-04-16', 'Doc-OWN_8luxvm8fr9', 'Deaccessioned');
INSERT INTO ownership (ownership_id, artwork_id, owner_id, acquired_date, relinquished_date, source_document, notes) VALUES (148, '52', '1', '1999-04-16', NULL, 'Doc-OWN_mv5hemtdyf', 'Donation record');
INSERT INTO ownership (ownership_id, artwork_id, owner_id, acquired_date, relinquished_date, source_document, notes) VALUES (149, '53', '10', '2006-08-15', '2007-04-30', 'Doc-OWN_0sjasj55d6', '');
INSERT INTO ownership (ownership_id, artwork_id, owner_id, acquired_date, relinquished_date, source_document, notes) VALUES (150, '53', '37', '2007-04-30', NULL, 'Doc-OWN_12walgomgd', 'Permanent collection');
INSERT INTO ownership (ownership_id, artwork_id, owner_id, acquired_date, relinquished_date, source_document, notes) VALUES (151, '54', '10', '2018-07-14', '2021-12-09', 'Doc-OWN_l8vlwpjutt', 'Secondary market');
INSERT INTO ownership (ownership_id, artwork_id, owner_id, acquired_date, relinquished_date, source_document, notes) VALUES (152, '54', '42', '2021-12-09', '2025-09-17', 'Doc-OWN_sis5ffkoqd', 'Permanent collection');
INSERT INTO ownership (ownership_id, artwork_id, owner_id, acquired_date, relinquished_date, source_document, notes) VALUES (153, '54', '8', '2025-09-17', NULL, 'Doc-OWN_b77forztbs', '');
INSERT INTO ownership (ownership_id, artwork_id, owner_id, acquired_date, relinquished_date, source_document, notes) VALUES (154, '55', '44', '1991-07-25', '1992-04-16', 'Doc-OWN_906xb8vshe', '');
INSERT INTO ownership (ownership_id, artwork_id, owner_id, acquired_date, relinquished_date, source_document, notes) VALUES (155, '55', '18', '1992-04-16', NULL, 'Doc-OWN_opbmwgktst', 'Private collection');
INSERT INTO ownership (ownership_id, artwork_id, owner_id, acquired_date, relinquished_date, source_document, notes) VALUES (156, '56', '14', '1997-12-17', '1998-12-24', 'Doc-OWN_brn8v0mv9u', 'Donation record');
INSERT INTO ownership (ownership_id, artwork_id, owner_id, acquired_date, relinquished_date, source_document, notes) VALUES (157, '56', '26', '1998-12-24', '2004-02-24', 'Doc-OWN_asquv5iay9', 'Private collection');
INSERT INTO ownership (ownership_id, artwork_id, owner_id, acquired_date, relinquished_date, source_document, notes) VALUES (158, '56', '49', '2004-02-24', '2008-04-19', 'Doc-OWN_lzf325tv1p', 'Secondary market');
INSERT INTO ownership (ownership_id, artwork_id, owner_id, acquired_date, relinquished_date, source_document, notes) VALUES (159, '56', '37', '2008-04-19', NULL, 'Doc-OWN_h7xz58lrfh', 'Secondary market');
INSERT INTO ownership (ownership_id, artwork_id, owner_id, acquired_date, relinquished_date, source_document, notes) VALUES (160, '57', '30', '1990-11-09', '1996-02-23', 'Doc-OWN_eradyt22xs', '');
INSERT INTO ownership (ownership_id, artwork_id, owner_id, acquired_date, relinquished_date, source_document, notes) VALUES (161, '57', '28', '1996-02-23', '1997-02-17', 'Doc-OWN_ezkyhr4mqv', 'Permanent collection');
INSERT INTO ownership (ownership_id, artwork_id, owner_id, acquired_date, relinquished_date, source_document, notes) VALUES (162, '57', '9', '1997-02-17', '1998-05-07', 'Doc-OWN_23re9lpzf3', 'Private collection');
INSERT INTO ownership (ownership_id, artwork_id, owner_id, acquired_date, relinquished_date, source_document, notes) VALUES (163, '57', '52', '1998-05-07', NULL, 'Doc-OWN_yo38qd59pk', 'Private collection');
INSERT INTO ownership (ownership_id, artwork_id, owner_id, acquired_date, relinquished_date, source_document, notes) VALUES (164, '58', '54', '1994-06-19', '1999-01-20', 'Doc-OWN_fsj8b84x7e', 'Donation record');
INSERT INTO ownership (ownership_id, artwork_id, owner_id, acquired_date, relinquished_date, source_document, notes) VALUES (165, '58', '26', '1999-01-20', '2001-10-16', 'Doc-OWN_veveozbxz0', 'Secondary market');
INSERT INTO ownership (ownership_id, artwork_id, owner_id, acquired_date, relinquished_date, source_document, notes) VALUES (166, '58', '49', '2001-10-16', '2005-07-18', 'Doc-OWN_lmjgt88pc3', 'Donation record');
INSERT INTO ownership (ownership_id, artwork_id, owner_id, acquired_date, relinquished_date, source_document, notes) VALUES (167, '58', '8', '2005-07-18', NULL, 'Doc-OWN_ctarq7v22y', 'Donation record');
INSERT INTO ownership (ownership_id, artwork_id, owner_id, acquired_date, relinquished_date, source_document, notes) VALUES (168, '59', '11', '2012-10-31', '2013-07-03', 'Doc-OWN_wiwfs1mow6', 'Permanent collection');
INSERT INTO ownership (ownership_id, artwork_id, owner_id, acquired_date, relinquished_date, source_document, notes) VALUES (169, '59', '5', '2013-07-03', NULL, 'Doc-OWN_zzxkr997qj', 'Permanent collection');
INSERT INTO ownership (ownership_id, artwork_id, owner_id, acquired_date, relinquished_date, source_document, notes) VALUES (170, '60', '54', '2007-01-12', '2011-06-15', 'Doc-OWN_zye37459a1', '');
INSERT INTO ownership (ownership_id, artwork_id, owner_id, acquired_date, relinquished_date, source_document, notes) VALUES (171, '60', '10', '2011-06-15', '2016-09-07', 'Doc-OWN_2al8cfvsmk', 'Secondary market');
INSERT INTO ownership (ownership_id, artwork_id, owner_id, acquired_date, relinquished_date, source_document, notes) VALUES (172, '60', '2', '2016-09-07', '2021-04-23', 'Doc-OWN_tm0bcyky2e', 'Donation record');
INSERT INTO ownership (ownership_id, artwork_id, owner_id, acquired_date, relinquished_date, source_document, notes) VALUES (173, '60', '55', '2021-04-23', NULL, 'Doc-OWN_3hbi1ucfxf', '');
INSERT INTO ownership (ownership_id, artwork_id, owner_id, acquired_date, relinquished_date, source_document, notes) VALUES (174, '61', '16', '2000-07-12', '2005-12-15', 'Doc-OWN_svvzmtbjbf', 'Private collection');
INSERT INTO ownership (ownership_id, artwork_id, owner_id, acquired_date, relinquished_date, source_document, notes) VALUES (175, '61', '51', '2005-12-15', '2009-03-21', 'Doc-OWN_fbsnf415jl', 'Secondary market');
INSERT INTO ownership (ownership_id, artwork_id, owner_id, acquired_date, relinquished_date, source_document, notes) VALUES (176, '61', '33', '2009-03-21', NULL, 'Doc-OWN_2wolus5oox', 'Private collection');
INSERT INTO ownership (ownership_id, artwork_id, owner_id, acquired_date, relinquished_date, source_document, notes) VALUES (177, '62', '19', '1999-03-14', '2000-05-13', 'Doc-OWN_257mp56dt7', '');
INSERT INTO ownership (ownership_id, artwork_id, owner_id, acquired_date, relinquished_date, source_document, notes) VALUES (178, '62', '52', '2000-05-13', '2002-11-18', 'Doc-OWN_5orrn6gvf0', 'Deaccessioned');
INSERT INTO ownership (ownership_id, artwork_id, owner_id, acquired_date, relinquished_date, source_document, notes) VALUES (179, '62', '7', '2002-11-18', NULL, 'Doc-OWN_on7ky2ftpi', 'Permanent collection');
INSERT INTO ownership (ownership_id, artwork_id, owner_id, acquired_date, relinquished_date, source_document, notes) VALUES (180, '63', '50', '2017-12-05', '2019-11-08', 'Doc-OWN_vj5psjuggn', 'Secondary market');
INSERT INTO ownership (ownership_id, artwork_id, owner_id, acquired_date, relinquished_date, source_document, notes) VALUES (181, '63', '15', '2019-11-08', '2024-01-02', 'Doc-OWN_hhigsozhso', 'Permanent collection');
INSERT INTO ownership (ownership_id, artwork_id, owner_id, acquired_date, relinquished_date, source_document, notes) VALUES (182, '63', '42', '2024-01-02', '2025-01-05', 'Doc-OWN_8e7ycieew2', 'Permanent collection');
INSERT INTO ownership (ownership_id, artwork_id, owner_id, acquired_date, relinquished_date, source_document, notes) VALUES (183, '63', '32', '2025-01-05', NULL, 'Doc-OWN_phnnztav07', 'Donation record');
INSERT INTO ownership (ownership_id, artwork_id, owner_id, acquired_date, relinquished_date, source_document, notes) VALUES (184, '64', '45', '2003-03-20', '2005-08-26', 'Doc-OWN_5mq58xh391', 'Permanent collection');
INSERT INTO ownership (ownership_id, artwork_id, owner_id, acquired_date, relinquished_date, source_document, notes) VALUES (185, '64', '33', '2005-08-26', '2007-02-08', 'Doc-OWN_qn5c4z5ge0', 'Donation record');
INSERT INTO ownership (ownership_id, artwork_id, owner_id, acquired_date, relinquished_date, source_document, notes) VALUES (186, '64', '7', '2007-02-08', NULL, 'Doc-OWN_fyqxo4fesy', 'Permanent collection');
INSERT INTO ownership (ownership_id, artwork_id, owner_id, acquired_date, relinquished_date, source_document, notes) VALUES (187, '65', '18', '2018-05-26', '2022-01-19', 'Doc-OWN_z8fq95vg52', 'Donation record');
INSERT INTO ownership (ownership_id, artwork_id, owner_id, acquired_date, relinquished_date, source_document, notes) VALUES (188, '65', '8', '2022-01-19', NULL, 'Doc-OWN_xhfs38iics', 'Deaccessioned');
INSERT INTO ownership (ownership_id, artwork_id, owner_id, acquired_date, relinquished_date, source_document, notes) VALUES (189, '66', '33', '2021-12-21', '2023-10-12', 'Doc-OWN_1cuwazt7v0', 'Permanent collection');
INSERT INTO ownership (ownership_id, artwork_id, owner_id, acquired_date, relinquished_date, source_document, notes) VALUES (190, '66', '53', '2023-10-12', '2025-09-17', 'Doc-OWN_13y6e2dfss', '');
INSERT INTO ownership (ownership_id, artwork_id, owner_id, acquired_date, relinquished_date, source_document, notes) VALUES (191, '66', '49', '2025-09-17', '2025-09-17', 'Doc-OWN_6126er5abd', 'Private collection');
INSERT INTO ownership (ownership_id, artwork_id, owner_id, acquired_date, relinquished_date, source_document, notes) VALUES (192, '66', '2', '2025-09-17', NULL, 'Doc-OWN_94c0yv3wiy', 'Donation record');
INSERT INTO ownership (ownership_id, artwork_id, owner_id, acquired_date, relinquished_date, source_document, notes) VALUES (193, '67', '34', '2014-10-11', '2018-09-03', 'Doc-OWN_o909klnk3j', 'Deaccessioned');
INSERT INTO ownership (ownership_id, artwork_id, owner_id, acquired_date, relinquished_date, source_document, notes) VALUES (194, '67', '15', '2018-09-03', '2022-07-11', 'Doc-OWN_slxqiwjb4r', 'Deaccessioned');
INSERT INTO ownership (ownership_id, artwork_id, owner_id, acquired_date, relinquished_date, source_document, notes) VALUES (195, '67', '23', '2022-07-11', NULL, 'Doc-OWN_fi5e4wch6y', 'Secondary market');
INSERT INTO ownership (ownership_id, artwork_id, owner_id, acquired_date, relinquished_date, source_document, notes) VALUES (196, '68', '23', '2001-10-26', '2004-06-18', 'Doc-OWN_28lns6xv8f', 'Private collection');
INSERT INTO ownership (ownership_id, artwork_id, owner_id, acquired_date, relinquished_date, source_document, notes) VALUES (197, '68', '34', '2004-06-18', NULL, 'Doc-OWN_sb9pa58qd7', '');
INSERT INTO ownership (ownership_id, artwork_id, owner_id, acquired_date, relinquished_date, source_document, notes) VALUES (198, '69', '35', '2002-08-14', '2006-08-19', 'Doc-OWN_ikkxd9awsw', 'Permanent collection');
INSERT INTO ownership (ownership_id, artwork_id, owner_id, acquired_date, relinquished_date, source_document, notes) VALUES (199, '69', '1', '2006-08-19', '2009-05-23', 'Doc-OWN_0ry5bls9ec', '');
INSERT INTO ownership (ownership_id, artwork_id, owner_id, acquired_date, relinquished_date, source_document, notes) VALUES (200, '69', '27', '2009-05-23', NULL, 'Doc-OWN_xd1wi8c00m', 'Permanent collection');
INSERT INTO ownership (ownership_id, artwork_id, owner_id, acquired_date, relinquished_date, source_document, notes) VALUES (201, '70', '54', '1998-06-23', '2002-06-03', 'Doc-OWN_ojc04oiasp', 'Secondary market');
INSERT INTO ownership (ownership_id, artwork_id, owner_id, acquired_date, relinquished_date, source_document, notes) VALUES (202, '70', '28', '2002-06-03', '2005-05-29', 'Doc-OWN_z78tv17ltc', 'Permanent collection');
INSERT INTO ownership (ownership_id, artwork_id, owner_id, acquired_date, relinquished_date, source_document, notes) VALUES (203, '70', '4', '2005-05-29', '2007-01-21', 'Doc-OWN_lr8eka6ndq', 'Permanent collection');
INSERT INTO ownership (ownership_id, artwork_id, owner_id, acquired_date, relinquished_date, source_document, notes) VALUES (204, '70', '48', '2007-01-21', NULL, 'Doc-OWN_t9u4wimpnb', 'Permanent collection');
INSERT INTO ownership (ownership_id, artwork_id, owner_id, acquired_date, relinquished_date, source_document, notes) VALUES (205, '71', '22', '2001-12-20', '2006-05-27', 'Doc-OWN_mdwnmyy98j', 'Deaccessioned');
INSERT INTO ownership (ownership_id, artwork_id, owner_id, acquired_date, relinquished_date, source_document, notes) VALUES (206, '71', '31', '2006-05-27', NULL, 'Doc-OWN_2wueejfbti', 'Permanent collection');
INSERT INTO ownership (ownership_id, artwork_id, owner_id, acquired_date, relinquished_date, source_document, notes) VALUES (207, '72', '47', '1992-12-16', '1994-09-04', 'Doc-OWN_lrz1tzi0d4', 'Donation record');
INSERT INTO ownership (ownership_id, artwork_id, owner_id, acquired_date, relinquished_date, source_document, notes) VALUES (208, '72', '38', '1994-09-04', NULL, 'Doc-OWN_6ab87dfbaj', 'Secondary market');
INSERT INTO ownership (ownership_id, artwork_id, owner_id, acquired_date, relinquished_date, source_document, notes) VALUES (209, '73', '40', '2020-01-30', '2022-08-03', 'Doc-OWN_tg5gjaz949', 'Donation record');
INSERT INTO ownership (ownership_id, artwork_id, owner_id, acquired_date, relinquished_date, source_document, notes) VALUES (210, '73', '5', '2022-08-03', '2025-09-17', 'Doc-OWN_5ikk9tosgj', 'Private collection');
INSERT INTO ownership (ownership_id, artwork_id, owner_id, acquired_date, relinquished_date, source_document, notes) VALUES (211, '73', '31', '2025-09-17', NULL, 'Doc-OWN_nl9mtsrhjj', 'Deaccessioned');
INSERT INTO ownership (ownership_id, artwork_id, owner_id, acquired_date, relinquished_date, source_document, notes) VALUES (212, '74', '6', '2002-01-30', '2004-05-23', 'Doc-OWN_2lfb9gtrz9', 'Secondary market');
INSERT INTO ownership (ownership_id, artwork_id, owner_id, acquired_date, relinquished_date, source_document, notes) VALUES (213, '74', '37', '2004-05-23', '2005-09-23', 'Doc-OWN_30wq2x5xbw', 'Donation record');
INSERT INTO ownership (ownership_id, artwork_id, owner_id, acquired_date, relinquished_date, source_document, notes) VALUES (214, '74', '11', '2005-09-23', NULL, 'Doc-OWN_wtd7c50jki', 'Private collection');
INSERT INTO ownership (ownership_id, artwork_id, owner_id, acquired_date, relinquished_date, source_document, notes) VALUES (215, '75', '24', '2000-10-05', '2004-03-31', 'Doc-OWN_1r57zyqtpi', 'Donation record');
INSERT INTO ownership (ownership_id, artwork_id, owner_id, acquired_date, relinquished_date, source_document, notes) VALUES (216, '75', '45', '2004-03-31', NULL, 'Doc-OWN_gbhgtsbc1a', 'Deaccessioned');
INSERT INTO ownership (ownership_id, artwork_id, owner_id, acquired_date, relinquished_date, source_document, notes) VALUES (217, '76', '41', '2011-08-13', '2015-10-17', 'Doc-OWN_yy7ix862p3', '');
INSERT INTO ownership (ownership_id, artwork_id, owner_id, acquired_date, relinquished_date, source_document, notes) VALUES (218, '76', '29', '2015-10-17', NULL, 'Doc-OWN_bwas0es8cw', 'Donation record');
INSERT INTO ownership (ownership_id, artwork_id, owner_id, acquired_date, relinquished_date, source_document, notes) VALUES (219, '77', '43', '2007-08-19', '2009-09-13', 'Doc-OWN_zjha5diai6', 'Private collection');
INSERT INTO ownership (ownership_id, artwork_id, owner_id, acquired_date, relinquished_date, source_document, notes) VALUES (220, '77', '35', '2009-09-13', NULL, 'Doc-OWN_p4tlchj4cb', 'Permanent collection');
INSERT INTO ownership (ownership_id, artwork_id, owner_id, acquired_date, relinquished_date, source_document, notes) VALUES (221, '78', '17', '1991-04-12', '1995-06-22', 'Doc-OWN_c82po2pwz8', 'Secondary market');
INSERT INTO ownership (ownership_id, artwork_id, owner_id, acquired_date, relinquished_date, source_document, notes) VALUES (222, '78', '25', '1995-06-22', '1997-02-10', 'Doc-OWN_zteod13323', 'Private collection');
INSERT INTO ownership (ownership_id, artwork_id, owner_id, acquired_date, relinquished_date, source_document, notes) VALUES (223, '78', '15', '1997-02-10', '1999-02-02', 'Doc-OWN_sbcitrf0hk', 'Permanent collection');
INSERT INTO ownership (ownership_id, artwork_id, owner_id, acquired_date, relinquished_date, source_document, notes) VALUES (224, '78', '36', '1999-02-02', NULL, 'Doc-OWN_i4v47ugsei', 'Donation record');
INSERT INTO ownership (ownership_id, artwork_id, owner_id, acquired_date, relinquished_date, source_document, notes) VALUES (225, '79', '50', '2012-05-25', '2017-11-10', 'Doc-OWN_vsrl6jlkp7', '');
INSERT INTO ownership (ownership_id, artwork_id, owner_id, acquired_date, relinquished_date, source_document, notes) VALUES (226, '79', '43', '2017-11-10', '2022-11-01', 'Doc-OWN_jbmk2dvgfb', 'Permanent collection');
INSERT INTO ownership (ownership_id, artwork_id, owner_id, acquired_date, relinquished_date, source_document, notes) VALUES (227, '79', '16', '2022-11-01', '2025-09-17', 'Doc-OWN_yrrxwcrr02', 'Donation record');
INSERT INTO ownership (ownership_id, artwork_id, owner_id, acquired_date, relinquished_date, source_document, notes) VALUES (228, '79', '15', '2025-09-17', NULL, 'Doc-OWN_hayhfu2qvb', 'Secondary market');
INSERT INTO ownership (ownership_id, artwork_id, owner_id, acquired_date, relinquished_date, source_document, notes) VALUES (229, '80', '26', '2017-10-02', '2018-11-14', 'Doc-OWN_2ng2crofwg', '');
INSERT INTO ownership (ownership_id, artwork_id, owner_id, acquired_date, relinquished_date, source_document, notes) VALUES (230, '80', '30', '2018-11-14', '2020-12-10', 'Doc-OWN_700tzv1uru', 'Private collection');
INSERT INTO ownership (ownership_id, artwork_id, owner_id, acquired_date, relinquished_date, source_document, notes) VALUES (231, '80', '40', '2020-12-10', NULL, 'Doc-OWN_0ftew9wbxt', '');
INSERT INTO ownership (ownership_id, artwork_id, owner_id, acquired_date, relinquished_date, source_document, notes) VALUES (232, '81', '34', '2002-07-03', '2003-03-23', 'Doc-OWN_bhjx6io7l5', 'Donation record');
INSERT INTO ownership (ownership_id, artwork_id, owner_id, acquired_date, relinquished_date, source_document, notes) VALUES (233, '81', '23', '2003-03-23', '2006-03-20', 'Doc-OWN_wz1ifuj7yx', 'Permanent collection');
INSERT INTO ownership (ownership_id, artwork_id, owner_id, acquired_date, relinquished_date, source_document, notes) VALUES (234, '81', '19', '2006-03-20', NULL, 'Doc-OWN_4bfdi2shcx', 'Deaccessioned');
INSERT INTO ownership (ownership_id, artwork_id, owner_id, acquired_date, relinquished_date, source_document, notes) VALUES (235, '82', '12', '2016-12-08', '2019-04-10', 'Doc-OWN_g1km072ksn', 'Permanent collection');
INSERT INTO ownership (ownership_id, artwork_id, owner_id, acquired_date, relinquished_date, source_document, notes) VALUES (236, '82', '39', '2019-04-10', '2022-12-17', 'Doc-OWN_xkpj2pps6s', '');
INSERT INTO ownership (ownership_id, artwork_id, owner_id, acquired_date, relinquished_date, source_document, notes) VALUES (237, '82', '28', '2022-12-17', '2023-11-01', 'Doc-OWN_5htr2p3k7s', 'Secondary market');
INSERT INTO ownership (ownership_id, artwork_id, owner_id, acquired_date, relinquished_date, source_document, notes) VALUES (238, '82', '2', '2023-11-01', NULL, 'Doc-OWN_n9gnz0f54v', 'Private collection');
INSERT INTO ownership (ownership_id, artwork_id, owner_id, acquired_date, relinquished_date, source_document, notes) VALUES (239, '83', '40', '2011-05-19', '2014-04-06', 'Doc-OWN_xapngy837w', 'Donation record');
INSERT INTO ownership (ownership_id, artwork_id, owner_id, acquired_date, relinquished_date, source_document, notes) VALUES (240, '83', '44', '2014-04-06', '2019-04-19', 'Doc-OWN_9vtipec4tk', 'Permanent collection');
INSERT INTO ownership (ownership_id, artwork_id, owner_id, acquired_date, relinquished_date, source_document, notes) VALUES (241, '83', '3', '2019-04-19', NULL, 'Doc-OWN_eyjfx61yjv', 'Private collection');
INSERT INTO ownership (ownership_id, artwork_id, owner_id, acquired_date, relinquished_date, source_document, notes) VALUES (242, '84', '45', '2022-04-20', '2025-03-30', 'Doc-OWN_4v8zkp00hh', 'Secondary market');
INSERT INTO ownership (ownership_id, artwork_id, owner_id, acquired_date, relinquished_date, source_document, notes) VALUES (243, '84', '8', '2025-03-30', '2025-09-17', 'Doc-OWN_i8336hrxi7', 'Deaccessioned');
INSERT INTO ownership (ownership_id, artwork_id, owner_id, acquired_date, relinquished_date, source_document, notes) VALUES (244, '84', '43', '2025-09-17', NULL, 'Doc-OWN_vhp5eydrhe', 'Private collection');
INSERT INTO ownership (ownership_id, artwork_id, owner_id, acquired_date, relinquished_date, source_document, notes) VALUES (245, '85', '13', '1994-01-30', '1997-08-22', 'Doc-OWN_rkwf2ra5yh', 'Permanent collection');
INSERT INTO ownership (ownership_id, artwork_id, owner_id, acquired_date, relinquished_date, source_document, notes) VALUES (246, '85', '1', '1997-08-22', '1999-08-14', 'Doc-OWN_fzw6i62jin', 'Permanent collection');
INSERT INTO ownership (ownership_id, artwork_id, owner_id, acquired_date, relinquished_date, source_document, notes) VALUES (247, '85', '6', '1999-08-14', NULL, 'Doc-OWN_7ljlbe50kn', 'Donation record');
INSERT INTO ownership (ownership_id, artwork_id, owner_id, acquired_date, relinquished_date, source_document, notes) VALUES (248, '86', '10', '2006-02-08', '2011-07-02', 'Doc-OWN_fsqt39t318', 'Donation record');
INSERT INTO ownership (ownership_id, artwork_id, owner_id, acquired_date, relinquished_date, source_document, notes) VALUES (249, '86', '17', '2011-07-02', '2013-01-11', 'Doc-OWN_4w4vgzotan', 'Permanent collection');
INSERT INTO ownership (ownership_id, artwork_id, owner_id, acquired_date, relinquished_date, source_document, notes) VALUES (250, '86', '21', '2013-01-11', '2013-09-17', 'Doc-OWN_z3qw260ab3', 'Permanent collection');
INSERT INTO ownership (ownership_id, artwork_id, owner_id, acquired_date, relinquished_date, source_document, notes) VALUES (251, '86', '51', '2013-09-17', NULL, 'Doc-OWN_ghoq4cghzo', 'Donation record');
INSERT INTO ownership (ownership_id, artwork_id, owner_id, acquired_date, relinquished_date, source_document, notes) VALUES (252, '87', '40', '1991-01-02', '1993-09-21', 'Doc-OWN_6df2le175a', '');
INSERT INTO ownership (ownership_id, artwork_id, owner_id, acquired_date, relinquished_date, source_document, notes) VALUES (253, '87', '49', '1993-09-21', NULL, 'Doc-OWN_mlxmpfqkpx', 'Secondary market');
INSERT INTO ownership (ownership_id, artwork_id, owner_id, acquired_date, relinquished_date, source_document, notes) VALUES (254, '88', '23', '2010-03-06', '2010-12-23', 'Doc-OWN_t6jmyxmzzz', 'Permanent collection');
INSERT INTO ownership (ownership_id, artwork_id, owner_id, acquired_date, relinquished_date, source_document, notes) VALUES (255, '88', '21', '2010-12-23', '2016-03-08', 'Doc-OWN_aqn15twwmh', 'Donation record');
INSERT INTO ownership (ownership_id, artwork_id, owner_id, acquired_date, relinquished_date, source_document, notes) VALUES (256, '88', '37', '2016-03-08', NULL, 'Doc-OWN_cond6zaf8g', 'Secondary market');
INSERT INTO ownership (ownership_id, artwork_id, owner_id, acquired_date, relinquished_date, source_document, notes) VALUES (257, '89', '21', '2016-12-06', '2022-04-14', 'Doc-OWN_a9fp86e90b', 'Donation record');
INSERT INTO ownership (ownership_id, artwork_id, owner_id, acquired_date, relinquished_date, source_document, notes) VALUES (258, '89', '10', '2022-04-14', '2025-09-17', 'Doc-OWN_j5e5daxi5w', 'Permanent collection');
INSERT INTO ownership (ownership_id, artwork_id, owner_id, acquired_date, relinquished_date, source_document, notes) VALUES (259, '89', '3', '2025-09-17', NULL, 'Doc-OWN_40gq9f7vcx', 'Donation record');
INSERT INTO ownership (ownership_id, artwork_id, owner_id, acquired_date, relinquished_date, source_document, notes) VALUES (260, '90', '43', '2021-11-05', '2025-09-17', 'Doc-OWN_t6eljkh9ry', 'Deaccessioned');

-- restorations
INSERT INTO restorations (restoration_id, artwork_id, restoration_date, conservator, restoration_type, details, condition_before, condition_after, cost, currency) VALUES (1, '123', '2020-05-14', 'Marcus Lopez', 'Paper deacidification', 'Player measure leader way hundred sister sometimes stop rate.', 'Edge tears', 'Stable, foxing removed', 4999.41, 'DKK');
INSERT INTO restorations (restoration_id, artwork_id, restoration_date, conservator, restoration_type, details, condition_before, condition_after, cost, currency) VALUES (2, '153', '2015-06-09', 'Rachel Brown', 'Surface cleaning', 'Key shake head even teacher add company ask.', 'Edge tears', 'Stable, colors restored', 2375.71, 'GBP');
INSERT INTO restorations (restoration_id, artwork_id, restoration_date, conservator, restoration_type, details, condition_before, condition_after, cost, currency) VALUES (3, '26', '2019-10-13', 'Regina Bowman', 'Consolidation', 'Action specific soon cover wind nation too eight TV billion idea kind.', 'Craquelure', 'Operation stable', 1774.98, 'SEK');
INSERT INTO restorations (restoration_id, artwork_id, restoration_date, conservator, restoration_type, details, condition_before, condition_after, cost, currency) VALUES (4, '144', '2020-07-28', 'Jason Davis', 'Paper deacidification', 'Medical present plant however unit hot item treatment return in information.', 'Loose elements', 'Stable, foxing removed', 1020.84, 'USD');
INSERT INTO restorations (restoration_id, artwork_id, restoration_date, conservator, restoration_type, details, condition_before, condition_after, cost, currency) VALUES (5, '90', '2025-06-07', 'Kevin Jones', 'Consolidation', 'Fish important little traditional that weight stay over maintain rise mention attention sense.', 'Edge tears', 'Operation stable', 2174.57, 'USD');
INSERT INTO restorations (restoration_id, artwork_id, restoration_date, conservator, restoration_type, details, condition_before, condition_after, cost, currency) VALUES (6, '118', '2022-05-14', 'Bryce Jefferson', 'Surface cleaning', 'Film base feel ahead arrive order program institution.', 'Loose elements', 'Stable, colors restored', 2401.07, 'EUR');
INSERT INTO restorations (restoration_id, artwork_id, restoration_date, conservator, restoration_type, details, condition_before, condition_after, cost, currency) VALUES (7, '70', '2025-03-07', 'Christopher Rodriguez', 'Consolidation', 'Answer than computer note guess money.', 'Edge tears', 'Operation stable', 2071.12, 'USD');
INSERT INTO restorations (restoration_id, artwork_id, restoration_date, conservator, restoration_type, details, condition_before, condition_after, cost, currency) VALUES (8, '168', '2023-08-29', 'Jennifer Guerrero', 'Varnish removal', 'Vote cover law eight if along control cost should building brother TV.', 'Surface grime', 'Improved stability', 4479.33, 'SEK');
INSERT INTO restorations (restoration_id, artwork_id, restoration_date, conservator, restoration_type, details, condition_before, condition_after, cost, currency) VALUES (9, '77', '2025-01-13', 'Mason Lopez', 'Varnish removal', 'Author rate mother contain individual network season.', 'Surface grime', 'Operation stable', 4257.34, 'GBP');
INSERT INTO restorations (restoration_id, artwork_id, restoration_date, conservator, restoration_type, details, condition_before, condition_after, cost, currency) VALUES (10, '98', '2016-07-31', 'Robert Reid', 'Structural repair', 'Act spend thousand eat stay beautiful your sign summer yes century choose.', 'Surface grime', 'Cleaned and reframed', 2211.78, 'DKK');
INSERT INTO restorations (restoration_id, artwork_id, restoration_date, conservator, restoration_type, details, condition_before, condition_after, cost, currency) VALUES (11, '2', '2025-05-14', 'Marilyn Mcguire', 'Electronics service', 'Follow ask future above in modern stock tell.', 'Loose elements', 'Cleaned and reframed', 3839.53, 'GBP');
INSERT INTO restorations (restoration_id, artwork_id, restoration_date, conservator, restoration_type, details, condition_before, condition_after, cost, currency) VALUES (12, '81', '2019-08-19', 'Grant Fuller', 'Surface cleaning', 'Go town at your power over yeah whom act.', 'Craquelure', 'Cleaned and reframed', 1585.21, 'DKK');
INSERT INTO restorations (restoration_id, artwork_id, restoration_date, conservator, restoration_type, details, condition_before, condition_after, cost, currency) VALUES (13, '133', '2015-03-28', 'Antonio Martinez', 'Reframing', 'Entire type name allow become course word mouth not media own open.', 'Foxing spots', 'Stable, colors restored', 3364.86, 'GBP');
INSERT INTO restorations (restoration_id, artwork_id, restoration_date, conservator, restoration_type, details, condition_before, condition_after, cost, currency) VALUES (14, '132', '2020-12-11', 'Matthew Hernandez', 'Reframing', 'Artist particular spring such or commercial only explain change list change coach.', 'Loose elements', 'Improved stability', 3992.02, 'NOK');
INSERT INTO restorations (restoration_id, artwork_id, restoration_date, conservator, restoration_type, details, condition_before, condition_after, cost, currency) VALUES (15, '130', '2023-03-30', 'Michael Moran', 'Varnish removal', 'This speak behind north tend become operation according effect.', 'Flicker in pattern', 'Stable, colors restored', 3877.36, 'SEK');
INSERT INTO restorations (restoration_id, artwork_id, restoration_date, conservator, restoration_type, details, condition_before, condition_after, cost, currency) VALUES (16, '87', '2016-06-10', 'Brittney Jones', 'Electronics service', 'Word often husband pressure state trial.', 'Foxing spots', 'Stable, colors restored', 3010.17, 'EUR');
INSERT INTO restorations (restoration_id, artwork_id, restoration_date, conservator, restoration_type, details, condition_before, condition_after, cost, currency) VALUES (17, '12', '2024-07-18', 'Travis Bryan', 'Structural repair', 'Bank discover want protect wide heart several under I agent word light.', 'Flicker in pattern', 'Cleaned and reframed', 2517.83, 'SEK');
INSERT INTO restorations (restoration_id, artwork_id, restoration_date, conservator, restoration_type, details, condition_before, condition_after, cost, currency) VALUES (18, '96', '2020-05-25', 'Janice Moore', 'Reframing', 'Yeah stage enter under spend walk strong professional full hundred chance scientist.', 'Foxing spots', 'Cleaned and reframed', 4885.13, 'DKK');
INSERT INTO restorations (restoration_id, artwork_id, restoration_date, conservator, restoration_type, details, condition_before, condition_after, cost, currency) VALUES (19, '38', '2015-12-30', 'Jennifer Young', 'Structural repair', 'Yard herself or middle third particular get thousand.', 'Foxing spots', 'Stable, foxing removed', 4342.91, 'USD');
INSERT INTO restorations (restoration_id, artwork_id, restoration_date, conservator, restoration_type, details, condition_before, condition_after, cost, currency) VALUES (20, '158', '2016-12-20', 'Dillon Williams', 'Varnish removal', 'Market because position like ago loss official phone ago.', 'Flicker in pattern', 'Stable, foxing removed', 844.79, 'NOK');
INSERT INTO restorations (restoration_id, artwork_id, restoration_date, conservator, restoration_type, details, condition_before, condition_after, cost, currency) VALUES (21, '159', '2017-10-25', 'Kevin Edwards', 'Reframing', 'Himself ago word money surface front meet interesting.', 'Yellowed varnish', 'Repaired and secured', 1170.91, 'USD');
INSERT INTO restorations (restoration_id, artwork_id, restoration_date, conservator, restoration_type, details, condition_before, condition_after, cost, currency) VALUES (22, '179', '2022-12-20', 'Kyle Kirk', 'Reframing', 'Tell sea yet point economy read model available glass nation benefit child.', 'Craquelure', 'Cleaned and reframed', 3185.38, 'NOK');
INSERT INTO restorations (restoration_id, artwork_id, restoration_date, conservator, restoration_type, details, condition_before, condition_after, cost, currency) VALUES (23, '101', '2018-12-24', 'Mrs. Victoria Pearson', 'Consolidation', 'Growth in Republican evidence take sport.', 'Foxing spots', 'Improved stability', 467.70, 'DKK');
INSERT INTO restorations (restoration_id, artwork_id, restoration_date, conservator, restoration_type, details, condition_before, condition_after, cost, currency) VALUES (24, '109', '2023-02-21', 'Brian Jordan Jr.', 'Structural repair', 'Cover once window week instead hundred small another into suddenly first probably drop.', 'Surface grime', 'Improved stability', 1353.13, 'USD');
INSERT INTO restorations (restoration_id, artwork_id, restoration_date, conservator, restoration_type, details, condition_before, condition_after, cost, currency) VALUES (25, '64', '2016-12-05', 'Nicole Hall', 'Consolidation', 'Fight national garden every picture his.', 'Edge tears', 'Repaired and secured', 2102.68, 'SEK');
INSERT INTO restorations (restoration_id, artwork_id, restoration_date, conservator, restoration_type, details, condition_before, condition_after, cost, currency) VALUES (26, '165', '2021-10-04', 'Jon Foster', 'Consolidation', 'Pull do specific and unit dream same coach example with then day growth.', 'Flicker in pattern', 'Stable, foxing removed', 3714.64, 'SEK');
INSERT INTO restorations (restoration_id, artwork_id, restoration_date, conservator, restoration_type, details, condition_before, condition_after, cost, currency) VALUES (27, '95', '2019-01-16', 'Keith Miranda', 'Reframing', 'Property common word build view most other.', 'Loose elements', 'Stable, foxing removed', 381.04, 'EUR');
INSERT INTO restorations (restoration_id, artwork_id, restoration_date, conservator, restoration_type, details, condition_before, condition_after, cost, currency) VALUES (28, '111', '2021-01-14', 'Stephen Garcia', 'Structural repair', 'How behind free federal national decision too accept quite do within.', 'Flicker in pattern', 'Operation stable', 4604.13, 'GBP');
INSERT INTO restorations (restoration_id, artwork_id, restoration_date, conservator, restoration_type, details, condition_before, condition_after, cost, currency) VALUES (29, '118', '2022-04-24', 'Ryan Stevens', 'Structural repair', 'At significant wife culture teach fine few occur.', 'Surface grime', 'Cleaned and reframed', 3102.23, 'NOK');
INSERT INTO restorations (restoration_id, artwork_id, restoration_date, conservator, restoration_type, details, condition_before, condition_after, cost, currency) VALUES (30, '31', '2023-02-28', 'Cynthia Porter', 'Consolidation', 'Report quality actually between will court high large case vote.', 'Loose elements', 'Repaired and secured', 3721.39, 'DKK');
INSERT INTO restorations (restoration_id, artwork_id, restoration_date, conservator, restoration_type, details, condition_before, condition_after, cost, currency) VALUES (31, '7', '2024-11-13', 'Veronica Fitzgerald', 'Electronics service', 'Beat box happen area upon ten above senior record side.', 'Yellowed varnish', 'Improved stability', 1346.07, 'DKK');
INSERT INTO restorations (restoration_id, artwork_id, restoration_date, conservator, restoration_type, details, condition_before, condition_after, cost, currency) VALUES (32, '63', '2024-09-09', 'Rodney Medina', 'Electronics service', 'Chance scene option wife pattern action look.', 'Craquelure', 'Repaired and secured', 2150.21, 'EUR');
INSERT INTO restorations (restoration_id, artwork_id, restoration_date, conservator, restoration_type, details, condition_before, condition_after, cost, currency) VALUES (33, '137', '2018-10-27', 'Julie Boone', 'Surface cleaning', 'Ago project population cup doctor commercial especially pick serve.', 'Foxing spots', 'Cleaned and reframed', 709.15, 'NOK');
INSERT INTO restorations (restoration_id, artwork_id, restoration_date, conservator, restoration_type, details, condition_before, condition_after, cost, currency) VALUES (34, '145', '2017-07-02', 'Dr. Richard Howell', 'Electronics service', 'Cultural office well program century bed international worry.', 'Loose elements', 'Operation stable', 1391.48, 'EUR');
INSERT INTO restorations (restoration_id, artwork_id, restoration_date, conservator, restoration_type, details, condition_before, condition_after, cost, currency) VALUES (35, '11', '2015-07-27', 'Sean Peck', 'Surface cleaning', 'News learn than present like necessary nature address in back perform main network.', 'Foxing spots', 'Improved stability', 1622.15, 'EUR');
INSERT INTO restorations (restoration_id, artwork_id, restoration_date, conservator, restoration_type, details, condition_before, condition_after, cost, currency) VALUES (36, '25', '2019-01-14', 'Amber Griffith', 'Consolidation', 'Half face story some white method follow study case day avoid.', 'Loose elements', 'Cleaned and reframed', 398.68, 'USD');
INSERT INTO restorations (restoration_id, artwork_id, restoration_date, conservator, restoration_type, details, condition_before, condition_after, cost, currency) VALUES (37, '72', '2024-10-31', 'Stephanie Simmons', 'Surface cleaning', 'Federal traditional few couple exist great factor.', 'Flicker in pattern', 'Stable, colors restored', 4384.41, 'EUR');
INSERT INTO restorations (restoration_id, artwork_id, restoration_date, conservator, restoration_type, details, condition_before, condition_after, cost, currency) VALUES (38, '137', '2023-02-12', 'Margaret Brown', 'Varnish removal', 'Mission together past until seek friend line share once worker leg source weight.', 'Loose elements', 'Repaired and secured', 4292.69, 'NOK');
INSERT INTO restorations (restoration_id, artwork_id, restoration_date, conservator, restoration_type, details, condition_before, condition_after, cost, currency) VALUES (39, '59', '2025-12-16', 'Tyler Mathews', 'Structural repair', 'Civil act market me position man hotel could ask usually look.', 'Edge tears', 'Repaired and secured', 3938.04, 'NOK');
INSERT INTO restorations (restoration_id, artwork_id, restoration_date, conservator, restoration_type, details, condition_before, condition_after, cost, currency) VALUES (40, '51', '2023-12-17', 'Michelle Braun', 'Reframing', 'Get drug learn win evidence treatment health all sister base tough.', 'Loose elements', 'Operation stable', 4001.98, 'DKK');
INSERT INTO restorations (restoration_id, artwork_id, restoration_date, conservator, restoration_type, details, condition_before, condition_after, cost, currency) VALUES (41, '174', '2023-06-04', 'Megan Bryant', 'Electronics service', 'Dark true strategy will job author thing bed fast financial carry focus.', 'Loose elements', 'Stable, foxing removed', 2895.20, 'USD');
INSERT INTO restorations (restoration_id, artwork_id, restoration_date, conservator, restoration_type, details, condition_before, condition_after, cost, currency) VALUES (42, '136', '2021-06-09', 'Matthew Ross', 'Surface cleaning', 'Shake mean admit just particularly science beat they look simply.', 'Loose elements', 'Stable, foxing removed', 3929.50, 'GBP');
INSERT INTO restorations (restoration_id, artwork_id, restoration_date, conservator, restoration_type, details, condition_before, condition_after, cost, currency) VALUES (43, '33', '2016-05-17', 'Mariah Barrett', 'Paper deacidification', 'Fall follow when case whose book number dog house name hot.', 'Flicker in pattern', 'Stable, colors restored', 1619.42, 'SEK');
INSERT INTO restorations (restoration_id, artwork_id, restoration_date, conservator, restoration_type, details, condition_before, condition_after, cost, currency) VALUES (44, '129', '2019-03-16', 'Erica Thomas', 'Varnish removal', 'Sister be within pay quite start seat his enough direction event nature.', 'Flicker in pattern', 'Cleaned and reframed', 2832.49, 'GBP');
INSERT INTO restorations (restoration_id, artwork_id, restoration_date, conservator, restoration_type, details, condition_before, condition_after, cost, currency) VALUES (45, '3', '2023-03-08', 'Erika Skinner', 'Structural repair', 'Candidate spring seek identify student sport pattern.', 'Craquelure', 'Stable, foxing removed', 1401.01, 'GBP');
INSERT INTO restorations (restoration_id, artwork_id, restoration_date, conservator, restoration_type, details, condition_before, condition_after, cost, currency) VALUES (46, '116', '2015-12-14', 'Destiny Dodson', 'Consolidation', 'Sign state interesting indicate will its plant until civil table attention sister thousand.', 'Flicker in pattern', 'Cleaned and reframed', 3524.27, 'EUR');
INSERT INTO restorations (restoration_id, artwork_id, restoration_date, conservator, restoration_type, details, condition_before, condition_after, cost, currency) VALUES (47, '17', '2024-03-27', 'Robert Gray', 'Surface cleaning', 'Hotel agree move pressure south the.', 'Surface grime', 'Cleaned and reframed', 1481.03, 'EUR');
INSERT INTO restorations (restoration_id, artwork_id, restoration_date, conservator, restoration_type, details, condition_before, condition_after, cost, currency) VALUES (48, '121', '2024-07-04', 'Vanessa Peters', 'Structural repair', 'Resource kid factor follow upon trial try check soldier such draw light.', 'Loose elements', 'Stable, colors restored', 1803.30, 'GBP');
INSERT INTO restorations (restoration_id, artwork_id, restoration_date, conservator, restoration_type, details, condition_before, condition_after, cost, currency) VALUES (49, '137', '2020-09-15', 'Carly Hansen', 'Paper deacidification', 'Speech industry goal eye clear because several walk energy family.', 'Flicker in pattern', 'Improved stability', 4710.17, 'NOK');
INSERT INTO restorations (restoration_id, artwork_id, restoration_date, conservator, restoration_type, details, condition_before, condition_after, cost, currency) VALUES (50, '52', '2016-03-10', 'Austin Fisher', 'Varnish removal', 'Field them admit bad floor stuff give century six civil employee audience.', 'Flicker in pattern', 'Improved stability', 3296.63, 'SEK');
INSERT INTO restorations (restoration_id, artwork_id, restoration_date, conservator, restoration_type, details, condition_before, condition_after, cost, currency) VALUES (51, '54', '2025-07-09', 'Jennifer Wilson', 'Electronics service', 'Past democratic memory PM item black spend.', 'Loose elements', 'Stable, foxing removed', 3681.85, 'GBP');
INSERT INTO restorations (restoration_id, artwork_id, restoration_date, conservator, restoration_type, details, condition_before, condition_after, cost, currency) VALUES (52, '89', '2019-12-22', 'Mary Dunn', 'Varnish removal', 'Lead head again space special adult.', 'Surface grime', 'Stable, colors restored', 4594.94, 'USD');
INSERT INTO restorations (restoration_id, artwork_id, restoration_date, conservator, restoration_type, details, condition_before, condition_after, cost, currency) VALUES (53, '101', '2025-08-30', 'Sydney Roberts', 'Reframing', 'Green wrong imagine understand right by small forward late.', 'Flicker in pattern', 'Operation stable', 3124.67, 'DKK');
INSERT INTO restorations (restoration_id, artwork_id, restoration_date, conservator, restoration_type, details, condition_before, condition_after, cost, currency) VALUES (54, '45', '2017-03-03', 'Matthew Jackson', 'Structural repair', 'Low meet deep break research during form.', 'Flicker in pattern', 'Repaired and secured', 1881.34, 'GBP');
INSERT INTO restorations (restoration_id, artwork_id, restoration_date, conservator, restoration_type, details, condition_before, condition_after, cost, currency) VALUES (55, '3', '2019-12-21', 'Nicholas Fernandez', 'Reframing', 'Single tax seat car thank size.', 'Yellowed varnish', 'Operation stable', 4706.18, 'DKK');
INSERT INTO restorations (restoration_id, artwork_id, restoration_date, conservator, restoration_type, details, condition_before, condition_after, cost, currency) VALUES (56, '99', '2019-03-27', 'John Newman', 'Paper deacidification', 'True popular without language one hundred keep know statement necessary maintain partner.', 'Foxing spots', 'Repaired and secured', 432.78, 'GBP');
INSERT INTO restorations (restoration_id, artwork_id, restoration_date, conservator, restoration_type, details, condition_before, condition_after, cost, currency) VALUES (57, '135', '2021-04-30', 'Dalton Martin', 'Electronics service', 'Beat mother everybody citizen well station not more try resource.', 'Foxing spots', 'Repaired and secured', 1397.10, 'USD');
INSERT INTO restorations (restoration_id, artwork_id, restoration_date, conservator, restoration_type, details, condition_before, condition_after, cost, currency) VALUES (58, '23', '2019-11-28', 'Heather Brewer', 'Electronics service', 'Interview exactly positive audience feel reason music yard partner push against.', 'Yellowed varnish', 'Cleaned and reframed', 899.46, 'DKK');
INSERT INTO restorations (restoration_id, artwork_id, restoration_date, conservator, restoration_type, details, condition_before, condition_after, cost, currency) VALUES (59, '171', '2022-03-04', 'Kelly Brown', 'Paper deacidification', 'Media bit live every note few.', 'Edge tears', 'Stable, foxing removed', 1124.83, 'EUR');
INSERT INTO restorations (restoration_id, artwork_id, restoration_date, conservator, restoration_type, details, condition_before, condition_after, cost, currency) VALUES (60, '148', '2015-01-19', 'Matthew Cortez', 'Reframing', 'Court certain use control pull throughout police generation exactly appear total smile.', 'Yellowed varnish', 'Repaired and secured', 1797.98, 'SEK');
INSERT INTO restorations (restoration_id, artwork_id, restoration_date, conservator, restoration_type, details, condition_before, condition_after, cost, currency) VALUES (61, '143', '2016-01-27', 'Christopher Johnson', 'Structural repair', 'Question particular human grow house theory because.', 'Craquelure', 'Improved stability', 2216.50, 'GBP');
INSERT INTO restorations (restoration_id, artwork_id, restoration_date, conservator, restoration_type, details, condition_before, condition_after, cost, currency) VALUES (62, '141', '2018-05-01', 'Nancy Byrd', 'Varnish removal', 'Whole glass effect common receive beyond catch property rather protect drop.', 'Edge tears', 'Operation stable', 4601.08, 'NOK');
INSERT INTO restorations (restoration_id, artwork_id, restoration_date, conservator, restoration_type, details, condition_before, condition_after, cost, currency) VALUES (63, '149', '2019-01-16', 'Michael Krause', 'Varnish removal', 'Ever choose hard when PM offer show fill prove step.', 'Edge tears', 'Cleaned and reframed', 3961.94, 'GBP');
INSERT INTO restorations (restoration_id, artwork_id, restoration_date, conservator, restoration_type, details, condition_before, condition_after, cost, currency) VALUES (64, '45', '2024-11-06', 'James Peterson', 'Reframing', 'Environment catch weight increase thing talk east close imagine doctor but how.', 'Flicker in pattern', 'Operation stable', 4306.87, 'DKK');
INSERT INTO restorations (restoration_id, artwork_id, restoration_date, conservator, restoration_type, details, condition_before, condition_after, cost, currency) VALUES (65, '119', '2022-09-30', 'Keith Hutchinson', 'Reframing', 'Tree entire first onto customer win thought.', 'Foxing spots', 'Improved stability', 3805.22, 'DKK');
INSERT INTO restorations (restoration_id, artwork_id, restoration_date, conservator, restoration_type, details, condition_before, condition_after, cost, currency) VALUES (66, '64', '2020-12-18', 'Joseph Johnson', 'Paper deacidification', 'Work billion ask see play daughter loss popular successful leave.', 'Surface grime', 'Repaired and secured', 2417.02, 'NOK');
INSERT INTO restorations (restoration_id, artwork_id, restoration_date, conservator, restoration_type, details, condition_before, condition_after, cost, currency) VALUES (67, '12', '2024-12-28', 'John Bradley', 'Consolidation', 'Already do knowledge third red time but just hope move product.', 'Loose elements', 'Operation stable', 1683.81, 'DKK');
INSERT INTO restorations (restoration_id, artwork_id, restoration_date, conservator, restoration_type, details, condition_before, condition_after, cost, currency) VALUES (68, '57', '2015-12-22', 'Rachel Browning', 'Structural repair', 'Really character continue whatever relate wall entire.', 'Craquelure', 'Stable, foxing removed', 2988.03, 'GBP');
INSERT INTO restorations (restoration_id, artwork_id, restoration_date, conservator, restoration_type, details, condition_before, condition_after, cost, currency) VALUES (69, '110', '2025-02-01', 'Seth Taylor', 'Paper deacidification', 'Opportunity certainly second everyone word brother reduce against raise end six news.', 'Flicker in pattern', 'Improved stability', 2675.19, 'EUR');
INSERT INTO restorations (restoration_id, artwork_id, restoration_date, conservator, restoration_type, details, condition_before, condition_after, cost, currency) VALUES (70, '43', '2023-11-11', 'Patricia Fields', 'Structural repair', 'Wife kitchen local dark before blood rest crime.', 'Craquelure', 'Stable, foxing removed', 2549.84, 'SEK');

-- media_files
INSERT INTO media_files (media_id, artwork_id, artist_id, media_type, title, file_url, captured_date, copyright_holder, notes) VALUES (1, 9, '56', 'Video', 'detail', 'https://cdn.example.org/video/media_t26fskd4fo.mp4', '2024-02-09', 'Taylor Inc', 'Exhibition view');
INSERT INTO media_files (media_id, artwork_id, artist_id, media_type, title, file_url, captured_date, copyright_holder, notes) VALUES (2, 96, '17', 'Doc', 'install view', 'https://cdn.example.org/doc/media_j2a66ver4o.pdf', '2011-12-31', 'Artemis Collection Trust', 'Certificate PDF');
INSERT INTO media_files (media_id, artwork_id, artist_id, media_type, title, file_url, captured_date, copyright_holder, notes) VALUES (3, 11, '16', 'Doc', 'back', 'https://cdn.example.org/doc/media_890hwxy5fg.pdf', '2015-12-15', 'Artist', 'Exhibition view');
INSERT INTO media_files (media_id, artwork_id, artist_id, media_type, title, file_url, captured_date, copyright_holder, notes) VALUES (4, 75, '38', 'Video', 'detail', 'https://cdn.example.org/video/media_8magb3gbvw.mp4', '2024-04-03', 'Thomas-Smith', 'Archival scan');
INSERT INTO media_files (media_id, artwork_id, artist_id, media_type, title, file_url, captured_date, copyright_holder, notes) VALUES (5, 67, '57', 'Doc', 'framed', 'https://cdn.example.org/doc/media_jhvcc0swm1.pdf', '2010-07-28', 'Estate', 'Pre-loan report');
INSERT INTO media_files (media_id, artwork_id, artist_id, media_type, title, file_url, captured_date, copyright_holder, notes) VALUES (6, 149, '28', 'Image', 'install view', 'https://cdn.example.org/image/media_odw5unma8o.jpg', '2015-08-17', 'Gallery Aurora', '');
INSERT INTO media_files (media_id, artwork_id, artist_id, media_type, title, file_url, captured_date, copyright_holder, notes) VALUES (7, 76, '36', 'Video', 'back', 'https://cdn.example.org/video/media_5m2gi6o5yl.mp4', '2014-11-20', 'Gallery Aurora', 'Certificate PDF');
INSERT INTO media_files (media_id, artwork_id, artist_id, media_type, title, file_url, captured_date, copyright_holder, notes) VALUES (8, 60, '49', 'Doc', 'press image', 'https://cdn.example.org/doc/media_klo389847m.pdf', '2019-10-05', 'Artemis Collection Trust', 'Exhibition view');
INSERT INTO media_files (media_id, artwork_id, artist_id, media_type, title, file_url, captured_date, copyright_holder, notes) VALUES (9, NULL, '21', 'Doc', 'press image', 'https://cdn.example.org/doc/media_qov0vo091r.pdf', '2013-10-09', 'Artemis Collection Trust', 'Short demo clip');
INSERT INTO media_files (media_id, artwork_id, artist_id, media_type, title, file_url, captured_date, copyright_holder, notes) VALUES (10, 70, '21', 'Video', 'back', 'https://cdn.example.org/video/media_mdmdrvax2v.mp4', '2024-04-27', 'Matthew Ortiz', 'Macro texture');
INSERT INTO media_files (media_id, artwork_id, artist_id, media_type, title, file_url, captured_date, copyright_holder, notes) VALUES (11, 48, '31', 'Video', 'press image', 'https://cdn.example.org/video/media_lvh4xhtave.mp4', '2023-02-10', 'Estate', 'Exhibition view');
INSERT INTO media_files (media_id, artwork_id, artist_id, media_type, title, file_url, captured_date, copyright_holder, notes) VALUES (12, 139, '71', 'Image', 'demo', 'https://cdn.example.org/image/media_txdg5fbg7a.jpg', '2017-08-11', 'Estate', 'Short demo clip');
INSERT INTO media_files (media_id, artwork_id, artist_id, media_type, title, file_url, captured_date, copyright_holder, notes) VALUES (13, NULL, '5', 'Video', 'detail', 'https://cdn.example.org/video/media_s4nrj1swms.mp4', '2023-10-17', 'Gallery Aurora', 'Pre-loan report');
INSERT INTO media_files (media_id, artwork_id, artist_id, media_type, title, file_url, captured_date, copyright_holder, notes) VALUES (14, 94, '52', 'Doc', 'condition report', 'https://cdn.example.org/doc/media_0uh607nn5v.pdf', '2016-03-25', 'Santos-Wiley', 'Macro texture');
INSERT INTO media_files (media_id, artwork_id, artist_id, media_type, title, file_url, captured_date, copyright_holder, notes) VALUES (15, NULL, '34', 'Video', 'condition report', 'https://cdn.example.org/video/media_j9fyzd3rmx.mp4', '2017-12-16', 'Nordic Art Museum', '');
INSERT INTO media_files (media_id, artwork_id, artist_id, media_type, title, file_url, captured_date, copyright_holder, notes) VALUES (16, 120, '25', 'Video', 'back', 'https://cdn.example.org/video/media_zo4vr5d05b.mp4', '2023-04-01', 'Dr. Erica Turner', '');
INSERT INTO media_files (media_id, artwork_id, artist_id, media_type, title, file_url, captured_date, copyright_holder, notes) VALUES (17, 80, '61', 'Image', 'demo', 'https://cdn.example.org/image/media_d1e9mlmh1y.jpg', '2024-11-01', 'Kelly Chaney', 'Short demo clip');
INSERT INTO media_files (media_id, artwork_id, artist_id, media_type, title, file_url, captured_date, copyright_holder, notes) VALUES (18, 177, '35', 'Doc', 'demo', 'https://cdn.example.org/doc/media_xln2w085ki.pdf', '2013-03-26', 'Estate', '');
INSERT INTO media_files (media_id, artwork_id, artist_id, media_type, title, file_url, captured_date, copyright_holder, notes) VALUES (19, 19, '63', 'Image', 'detail', 'https://cdn.example.org/image/media_oyoqfobtsn.jpg', '2012-09-14', 'Estate', 'Macro texture');
INSERT INTO media_files (media_id, artwork_id, artist_id, media_type, title, file_url, captured_date, copyright_holder, notes) VALUES (20, 102, '54', 'Video', 'condition report', 'https://cdn.example.org/video/media_3eo4x15c3u.mp4', '2010-10-18', 'Gallery Aurora', 'Short demo clip');
INSERT INTO media_files (media_id, artwork_id, artist_id, media_type, title, file_url, captured_date, copyright_holder, notes) VALUES (21, 102, '54', 'Doc', 'demo', 'https://cdn.example.org/doc/media_5qdvvuwuxh.pdf', '2011-07-09', 'Estate', '');
INSERT INTO media_files (media_id, artwork_id, artist_id, media_type, title, file_url, captured_date, copyright_holder, notes) VALUES (22, 134, '51', 'Video', 'install view', 'https://cdn.example.org/video/media_8xatlsxc76.mp4', '2024-09-21', 'Nordic Art Museum', 'Pre-loan report');
INSERT INTO media_files (media_id, artwork_id, artist_id, media_type, title, file_url, captured_date, copyright_holder, notes) VALUES (23, 43, '63', 'Image', 'front', 'https://cdn.example.org/image/media_y4m8ys3iy2.jpg', '2013-03-05', 'Paul Bennett', 'Pre-loan report');
INSERT INTO media_files (media_id, artwork_id, artist_id, media_type, title, file_url, captured_date, copyright_holder, notes) VALUES (24, 15, '15', 'Image', 'install view', 'https://cdn.example.org/image/media_cpii9fwfe3.jpg', '2018-07-28', 'Gallery Aurora', 'Short demo clip');
INSERT INTO media_files (media_id, artwork_id, artist_id, media_type, title, file_url, captured_date, copyright_holder, notes) VALUES (25, 104, '8', 'Video', 'install view', 'https://cdn.example.org/video/media_jqmhro840i.mp4', '2022-09-13', 'Gallery Aurora', '');
INSERT INTO media_files (media_id, artwork_id, artist_id, media_type, title, file_url, captured_date, copyright_holder, notes) VALUES (26, 101, '28', 'Doc', 'back', 'https://cdn.example.org/doc/media_uh557pd17e.pdf', '2020-08-26', 'Parsons-Cherry', 'Short demo clip');
INSERT INTO media_files (media_id, artwork_id, artist_id, media_type, title, file_url, captured_date, copyright_holder, notes) VALUES (27, NULL, '20', 'Image', 'back', 'https://cdn.example.org/image/media_qwck091en2.jpg', '2014-07-22', 'Holt, Miller and Lee', 'Certificate PDF');
INSERT INTO media_files (media_id, artwork_id, artist_id, media_type, title, file_url, captured_date, copyright_holder, notes) VALUES (28, 132, '59', 'Doc', 'install view', 'https://cdn.example.org/doc/media_qdo7areym7.pdf', '2022-06-23', 'Lee, Fernandez and Rivera', 'Short demo clip');
INSERT INTO media_files (media_id, artwork_id, artist_id, media_type, title, file_url, captured_date, copyright_holder, notes) VALUES (29, 117, '76', 'Image', 'install view', 'https://cdn.example.org/image/media_5hw798ncan.jpg', '2010-05-03', 'Artemis Collection Trust', 'Certificate PDF');
INSERT INTO media_files (media_id, artwork_id, artist_id, media_type, title, file_url, captured_date, copyright_holder, notes) VALUES (30, 158, '14', 'Image', 'install view', 'https://cdn.example.org/image/media_eysvf218x7.jpg', '2014-12-13', 'Allison Duffy', 'Macro texture');
INSERT INTO media_files (media_id, artwork_id, artist_id, media_type, title, file_url, captured_date, copyright_holder, notes) VALUES (31, 32, '21', 'Video', 'front', 'https://cdn.example.org/video/media_b2zs28t9fc.mp4', '2020-06-22', 'Artist', '');
INSERT INTO media_files (media_id, artwork_id, artist_id, media_type, title, file_url, captured_date, copyright_holder, notes) VALUES (32, 112, '10', 'Video', 'front', 'https://cdn.example.org/video/media_cvhxy68grm.mp4', '2012-05-11', 'Richard and Sons', 'Certificate PDF');
INSERT INTO media_files (media_id, artwork_id, artist_id, media_type, title, file_url, captured_date, copyright_holder, notes) VALUES (33, 10, '49', 'Doc', 'condition report', 'https://cdn.example.org/doc/media_2mum59jx9u.pdf', '2017-01-14', 'Gallery Aurora', 'Archival scan');
INSERT INTO media_files (media_id, artwork_id, artist_id, media_type, title, file_url, captured_date, copyright_holder, notes) VALUES (34, 21, '14', 'Image', 'framed', 'https://cdn.example.org/image/media_ffyt6inc36.jpg', '2015-05-08', 'Murray Inc', 'Archival scan');
INSERT INTO media_files (media_id, artwork_id, artist_id, media_type, title, file_url, captured_date, copyright_holder, notes) VALUES (35, NULL, '13', 'Image', 'condition report', 'https://cdn.example.org/image/media_rhbg0mopc1.jpg', '2019-10-12', 'Artemis Collection Trust', 'Certificate PDF');
INSERT INTO media_files (media_id, artwork_id, artist_id, media_type, title, file_url, captured_date, copyright_holder, notes) VALUES (36, 83, '30', 'Doc', 'demo', 'https://cdn.example.org/doc/media_yh94vjs6gl.pdf', '2021-09-10', 'Ross-Johnson', 'Pre-loan report');
INSERT INTO media_files (media_id, artwork_id, artist_id, media_type, title, file_url, captured_date, copyright_holder, notes) VALUES (37, NULL, '59', 'Doc', 'install view', 'https://cdn.example.org/doc/media_ipk6milxcr.pdf', '2010-02-14', 'Gallery Aurora', '');
INSERT INTO media_files (media_id, artwork_id, artist_id, media_type, title, file_url, captured_date, copyright_holder, notes) VALUES (38, NULL, '69', 'Video', 'install view', 'https://cdn.example.org/video/media_nzabjtbs0z.mp4', '2018-03-08', 'Estate', '');
INSERT INTO media_files (media_id, artwork_id, artist_id, media_type, title, file_url, captured_date, copyright_holder, notes) VALUES (39, NULL, '71', 'Doc', 'install view', 'https://cdn.example.org/doc/media_msrou6hq51.pdf', '2021-12-21', 'Gallery Aurora', 'Archival scan');
INSERT INTO media_files (media_id, artwork_id, artist_id, media_type, title, file_url, captured_date, copyright_holder, notes) VALUES (40, NULL, '1', 'Image', 'front', 'https://cdn.example.org/image/media_rz1f3he3s8.jpg', '2025-05-09', 'Artemis Collection Trust', 'Macro texture');
INSERT INTO media_files (media_id, artwork_id, artist_id, media_type, title, file_url, captured_date, copyright_holder, notes) VALUES (41, NULL, '12', 'Doc', 'press image', 'https://cdn.example.org/doc/media_pj8f0bdnjm.pdf', '2016-12-07', 'Henry Mitchell', 'Short demo clip');
INSERT INTO media_files (media_id, artwork_id, artist_id, media_type, title, file_url, captured_date, copyright_holder, notes) VALUES (42, 54, '7', 'Doc', 'detail', 'https://cdn.example.org/doc/media_y3p6jqps2k.pdf', '2019-05-04', 'Estate', '');
INSERT INTO media_files (media_id, artwork_id, artist_id, media_type, title, file_url, captured_date, copyright_holder, notes) VALUES (43, 110, '39', 'Video', 'detail', 'https://cdn.example.org/video/media_y92oqnvpc3.mp4', '2022-03-29', 'Estate', 'Exhibition view');
INSERT INTO media_files (media_id, artwork_id, artist_id, media_type, title, file_url, captured_date, copyright_holder, notes) VALUES (44, 125, '27', 'Doc', 'detail', 'https://cdn.example.org/doc/media_vevolfojuk.pdf', '2011-07-18', 'Artemis Collection Trust', 'Archival scan');
INSERT INTO media_files (media_id, artwork_id, artist_id, media_type, title, file_url, captured_date, copyright_holder, notes) VALUES (45, 67, '57', 'Image', 'install view', 'https://cdn.example.org/image/media_awyr2ggk9k.jpg', '2018-08-29', 'Artemis Collection Trust', 'Archival scan');
INSERT INTO media_files (media_id, artwork_id, artist_id, media_type, title, file_url, captured_date, copyright_holder, notes) VALUES (46, 44, '10', 'Doc', 'detail', 'https://cdn.example.org/doc/media_9hpv9iolwt.pdf', '2025-07-12', 'Estate', 'Exhibition view');
INSERT INTO media_files (media_id, artwork_id, artist_id, media_type, title, file_url, captured_date, copyright_holder, notes) VALUES (47, 179, '55', 'Doc', 'back', 'https://cdn.example.org/doc/media_duh6ncodn3.pdf', '2013-01-09', 'Kevin Kelly', 'Certificate PDF');
INSERT INTO media_files (media_id, artwork_id, artist_id, media_type, title, file_url, captured_date, copyright_holder, notes) VALUES (48, NULL, '49', 'Doc', 'condition report', 'https://cdn.example.org/doc/media_p223ed8w7g.pdf', '2020-11-05', 'Renee Drake', 'Macro texture');
INSERT INTO media_files (media_id, artwork_id, artist_id, media_type, title, file_url, captured_date, copyright_holder, notes) VALUES (49, 151, '59', 'Doc', 'press image', 'https://cdn.example.org/doc/media_8u25dijjn3.pdf', '2020-07-27', 'Artist', '');
INSERT INTO media_files (media_id, artwork_id, artist_id, media_type, title, file_url, captured_date, copyright_holder, notes) VALUES (50, 151, '59', 'Image', 'demo', 'https://cdn.example.org/image/media_ydmk6qsd10.jpg', '2023-05-02', 'Artist', 'Macro texture');
INSERT INTO media_files (media_id, artwork_id, artist_id, media_type, title, file_url, captured_date, copyright_holder, notes) VALUES (51, 121, '55', 'Image', 'press image', 'https://cdn.example.org/image/media_k84vh1ajgy.jpg', '2012-11-12', 'Artemis Collection Trust', 'Macro texture');
INSERT INTO media_files (media_id, artwork_id, artist_id, media_type, title, file_url, captured_date, copyright_holder, notes) VALUES (52, 114, '79', 'Doc', 'demo', 'https://cdn.example.org/doc/media_ze507aqlt2.pdf', '2024-01-01', 'Nordic Art Museum', 'Macro texture');
INSERT INTO media_files (media_id, artwork_id, artist_id, media_type, title, file_url, captured_date, copyright_holder, notes) VALUES (53, NULL, '10', 'Image', 'back', 'https://cdn.example.org/image/media_6f9otmz8td.jpg', '2013-12-03', 'Gallery Aurora', 'Macro texture');
INSERT INTO media_files (media_id, artwork_id, artist_id, media_type, title, file_url, captured_date, copyright_holder, notes) VALUES (54, 47, '43', 'Doc', 'framed', 'https://cdn.example.org/doc/media_4y8qbegt06.pdf', '2023-10-16', 'Nordic Art Museum', 'Certificate PDF');
INSERT INTO media_files (media_id, artwork_id, artist_id, media_type, title, file_url, captured_date, copyright_holder, notes) VALUES (55, NULL, '7', 'Doc', 'condition report', 'https://cdn.example.org/doc/media_39ybv9bq9g.pdf', '2018-09-02', 'Gallery Aurora', '');
INSERT INTO media_files (media_id, artwork_id, artist_id, media_type, title, file_url, captured_date, copyright_holder, notes) VALUES (56, 81, '15', 'Doc', 'condition report', 'https://cdn.example.org/doc/media_t57j8l7w7a.pdf', '2023-12-19', 'Nordic Art Museum', '');
INSERT INTO media_files (media_id, artwork_id, artist_id, media_type, title, file_url, captured_date, copyright_holder, notes) VALUES (57, NULL, '37', 'Image', 'condition report', 'https://cdn.example.org/image/media_9x9a7b83wn.jpg', '2025-05-11', 'Nordic Art Museum', 'Short demo clip');
INSERT INTO media_files (media_id, artwork_id, artist_id, media_type, title, file_url, captured_date, copyright_holder, notes) VALUES (58, NULL, '56', 'Video', 'install view', 'https://cdn.example.org/video/media_nuy23vwr6u.mp4', '2019-08-21', 'Nordic Art Museum', 'Short demo clip');
INSERT INTO media_files (media_id, artwork_id, artist_id, media_type, title, file_url, captured_date, copyright_holder, notes) VALUES (59, 55, '43', 'Image', 'demo', 'https://cdn.example.org/image/media_o2gebvikd9.jpg', '2015-02-06', 'Estate', 'Pre-loan report');
INSERT INTO media_files (media_id, artwork_id, artist_id, media_type, title, file_url, captured_date, copyright_holder, notes) VALUES (60, 24, '5', 'Image', 'condition report', 'https://cdn.example.org/image/media_jqza471qnh.jpg', '2018-01-12', 'Nordic Art Museum', '');
INSERT INTO media_files (media_id, artwork_id, artist_id, media_type, title, file_url, captured_date, copyright_holder, notes) VALUES (61, NULL, '15', 'Image', 'demo', 'https://cdn.example.org/image/media_kvkt9zkj3o.jpg', '2019-07-10', 'Artist', 'Short demo clip');
INSERT INTO media_files (media_id, artwork_id, artist_id, media_type, title, file_url, captured_date, copyright_holder, notes) VALUES (62, 46, '29', 'Doc', 'install view', 'https://cdn.example.org/doc/media_i94vg6jozr.pdf', '2013-09-30', 'Steven Wright', '');
INSERT INTO media_files (media_id, artwork_id, artist_id, media_type, title, file_url, captured_date, copyright_holder, notes) VALUES (63, 11, '16', 'Video', 'back', 'https://cdn.example.org/video/media_i1vd0dae6r.mp4', '2011-06-04', 'Artemis Collection Trust', 'Macro texture');
INSERT INTO media_files (media_id, artwork_id, artist_id, media_type, title, file_url, captured_date, copyright_holder, notes) VALUES (64, 170, '67', 'Image', 'framed', 'https://cdn.example.org/image/media_gl4shnkbcd.jpg', '2012-12-10', 'Gallery Aurora', '');
INSERT INTO media_files (media_id, artwork_id, artist_id, media_type, title, file_url, captured_date, copyright_holder, notes) VALUES (65, 140, '60', 'Video', 'front', 'https://cdn.example.org/video/media_rc47ba0jlq.mp4', '2021-01-09', 'Artemis Collection Trust', 'Short demo clip');
INSERT INTO media_files (media_id, artwork_id, artist_id, media_type, title, file_url, captured_date, copyright_holder, notes) VALUES (66, NULL, '65', 'Doc', 'install view', 'https://cdn.example.org/doc/media_mqrxqoggcs.pdf', '2014-01-06', 'Gallery Aurora', '');
INSERT INTO media_files (media_id, artwork_id, artist_id, media_type, title, file_url, captured_date, copyright_holder, notes) VALUES (67, 66, '22', 'Image', 'press image', 'https://cdn.example.org/image/media_x947dto0sg.jpg', '2023-03-04', 'Estate', 'Archival scan');
INSERT INTO media_files (media_id, artwork_id, artist_id, media_type, title, file_url, captured_date, copyright_holder, notes) VALUES (68, 138, '63', 'Doc', 'demo', 'https://cdn.example.org/doc/media_q94hcg7e4c.pdf', '2012-05-17', 'Artist', '');
INSERT INTO media_files (media_id, artwork_id, artist_id, media_type, title, file_url, captured_date, copyright_holder, notes) VALUES (69, 143, '6', 'Image', 'framed', 'https://cdn.example.org/image/media_ah3zlspvse.jpg', '2024-02-09', 'Estate', 'Archival scan');
INSERT INTO media_files (media_id, artwork_id, artist_id, media_type, title, file_url, captured_date, copyright_holder, notes) VALUES (70, NULL, '14', 'Doc', 'demo', 'https://cdn.example.org/doc/media_oddet146mb.pdf', '2014-10-28', 'Mills and Sons', 'Short demo clip');
INSERT INTO media_files (media_id, artwork_id, artist_id, media_type, title, file_url, captured_date, copyright_holder, notes) VALUES (71, NULL, '4', 'Video', 'back', 'https://cdn.example.org/video/media_ow6dvof3m3.mp4', '2012-07-17', 'Duane Clayton', '');
INSERT INTO media_files (media_id, artwork_id, artist_id, media_type, title, file_url, captured_date, copyright_holder, notes) VALUES (72, 164, '53', 'Doc', 'press image', 'https://cdn.example.org/doc/media_n3tgzcoydk.pdf', '2010-04-26', 'Artemis Collection Trust', 'Certificate PDF');
INSERT INTO media_files (media_id, artwork_id, artist_id, media_type, title, file_url, captured_date, copyright_holder, notes) VALUES (73, 136, '14', 'Image', 'install view', 'https://cdn.example.org/image/media_k7t910g9i4.jpg', '2013-11-17', 'Estate', 'Exhibition view');
INSERT INTO media_files (media_id, artwork_id, artist_id, media_type, title, file_url, captured_date, copyright_holder, notes) VALUES (74, 48, '31', 'Video', 'install view', 'https://cdn.example.org/video/media_t63mzh56bo.mp4', '2022-12-21', 'Estate', 'Certificate PDF');
INSERT INTO media_files (media_id, artwork_id, artist_id, media_type, title, file_url, captured_date, copyright_holder, notes) VALUES (75, NULL, '79', 'Image', 'front', 'https://cdn.example.org/image/media_p1imwhu9es.jpg', '2019-05-12', 'Barr LLC', 'Certificate PDF');
INSERT INTO media_files (media_id, artwork_id, artist_id, media_type, title, file_url, captured_date, copyright_holder, notes) VALUES (76, 74, '4', 'Image', 'framed', 'https://cdn.example.org/image/media_d4b5zag4u4.jpg', '2020-06-24', 'Nordic Art Museum', 'Macro texture');
INSERT INTO media_files (media_id, artwork_id, artist_id, media_type, title, file_url, captured_date, copyright_holder, notes) VALUES (77, NULL, '11', 'Doc', 'install view', 'https://cdn.example.org/doc/media_qru4gdvu5l.pdf', '2025-10-31', 'Nordic Art Museum', 'Certificate PDF');
INSERT INTO media_files (media_id, artwork_id, artist_id, media_type, title, file_url, captured_date, copyright_holder, notes) VALUES (78, 41, '30', 'Doc', 'detail', 'https://cdn.example.org/doc/media_gd6bwuqlx0.pdf', '2010-05-29', 'Gary Rowland', 'Certificate PDF');
INSERT INTO media_files (media_id, artwork_id, artist_id, media_type, title, file_url, captured_date, copyright_holder, notes) VALUES (79, 160, '41', 'Doc', 'press image', 'https://cdn.example.org/doc/media_fhao8eqbdz.pdf', '2021-10-29', 'Gallery Aurora', 'Macro texture');
INSERT INTO media_files (media_id, artwork_id, artist_id, media_type, title, file_url, captured_date, copyright_holder, notes) VALUES (80, NULL, '42', 'Video', 'front', 'https://cdn.example.org/video/media_zfe89obt55.mp4', '2010-03-24', 'Williams-Allen', 'Short demo clip');
INSERT INTO media_files (media_id, artwork_id, artist_id, media_type, title, file_url, captured_date, copyright_holder, notes) VALUES (81, 61, '72', 'Image', 'press image', 'https://cdn.example.org/image/media_p08obcabf5.jpg', '2015-12-31', 'Nordic Art Museum', 'Exhibition view');
INSERT INTO media_files (media_id, artwork_id, artist_id, media_type, title, file_url, captured_date, copyright_holder, notes) VALUES (82, NULL, '42', 'Video', 'front', 'https://cdn.example.org/video/media_o59imwfjxr.mp4', '2019-06-01', 'Nordic Art Museum', 'Exhibition view');
INSERT INTO media_files (media_id, artwork_id, artist_id, media_type, title, file_url, captured_date, copyright_holder, notes) VALUES (83, 147, '76', 'Video', 'install view', 'https://cdn.example.org/video/media_17j1zzx0lx.mp4', '2020-11-05', 'Estate', 'Pre-loan report');
INSERT INTO media_files (media_id, artwork_id, artist_id, media_type, title, file_url, captured_date, copyright_holder, notes) VALUES (84, 111, '74', 'Image', 'install view', 'https://cdn.example.org/image/media_fvqllv8gx9.jpg', '2011-02-20', 'Artist', 'Certificate PDF');
INSERT INTO media_files (media_id, artwork_id, artist_id, media_type, title, file_url, captured_date, copyright_holder, notes) VALUES (85, 47, '43', 'Doc', 'press image', 'https://cdn.example.org/doc/media_v1y4opovzu.pdf', '2025-07-05', 'Angela Shelton', 'Macro texture');
INSERT INTO media_files (media_id, artwork_id, artist_id, media_type, title, file_url, captured_date, copyright_holder, notes) VALUES (86, NULL, '76', 'Video', 'back', 'https://cdn.example.org/video/media_z46h209x4g.mp4', '2015-06-26', 'Estate', 'Short demo clip');
INSERT INTO media_files (media_id, artwork_id, artist_id, media_type, title, file_url, captured_date, copyright_holder, notes) VALUES (87, NULL, '42', 'Video', 'front', 'https://cdn.example.org/video/media_08f67zx5q4.mp4', '2023-03-30', 'Travis Torres', '');
INSERT INTO media_files (media_id, artwork_id, artist_id, media_type, title, file_url, captured_date, copyright_holder, notes) VALUES (88, NULL, '70', 'Video', 'install view', 'https://cdn.example.org/video/media_kfqqat3nje.mp4', '2014-10-13', 'Artemis Collection Trust', 'Macro texture');
INSERT INTO media_files (media_id, artwork_id, artist_id, media_type, title, file_url, captured_date, copyright_holder, notes) VALUES (89, NULL, '6', 'Image', 'detail', 'https://cdn.example.org/image/media_9zf56i3jg4.jpg', '2021-06-07', 'Nordic Art Museum', 'Pre-loan report');
INSERT INTO media_files (media_id, artwork_id, artist_id, media_type, title, file_url, captured_date, copyright_holder, notes) VALUES (90, NULL, '46', 'Image', 'detail', 'https://cdn.example.org/image/media_ws192mrkqj.jpg', '2015-10-29', 'Gallery Aurora', 'Exhibition view');
INSERT INTO media_files (media_id, artwork_id, artist_id, media_type, title, file_url, captured_date, copyright_holder, notes) VALUES (91, 17, '74', 'Video', 'detail', 'https://cdn.example.org/video/media_di0r1z1mi1.mp4', '2021-11-25', 'Martin-Frazier', '');
INSERT INTO media_files (media_id, artwork_id, artist_id, media_type, title, file_url, captured_date, copyright_holder, notes) VALUES (92, 158, '14', 'Doc', 'front', 'https://cdn.example.org/doc/media_dqbpn4zps2.pdf', '2019-06-01', 'Johnson Group', '');
INSERT INTO media_files (media_id, artwork_id, artist_id, media_type, title, file_url, captured_date, copyright_holder, notes) VALUES (93, 94, '52', 'Video', 'detail', 'https://cdn.example.org/video/media_ibyehhrmxp.mp4', '2015-05-26', 'Artist', 'Archival scan');
INSERT INTO media_files (media_id, artwork_id, artist_id, media_type, title, file_url, captured_date, copyright_holder, notes) VALUES (94, NULL, '54', 'Doc', 'demo', 'https://cdn.example.org/doc/media_a1fwzchfwr.pdf', '2015-01-02', 'Estate', 'Exhibition view');
INSERT INTO media_files (media_id, artwork_id, artist_id, media_type, title, file_url, captured_date, copyright_holder, notes) VALUES (95, NULL, '46', 'Video', 'install view', 'https://cdn.example.org/video/media_wotd75qha4.mp4', '2014-11-14', 'Artist', '');
INSERT INTO media_files (media_id, artwork_id, artist_id, media_type, title, file_url, captured_date, copyright_holder, notes) VALUES (96, 38, '53', 'Video', 'detail', 'https://cdn.example.org/video/media_f6j6cnet8g.mp4', '2022-07-19', 'Catherine Garcia', 'Certificate PDF');
INSERT INTO media_files (media_id, artwork_id, artist_id, media_type, title, file_url, captured_date, copyright_holder, notes) VALUES (97, 118, '38', 'Doc', 'demo', 'https://cdn.example.org/doc/media_fugw6bzi7q.pdf', '2015-07-11', 'Tammy Rogers', 'Macro texture');
INSERT INTO media_files (media_id, artwork_id, artist_id, media_type, title, file_url, captured_date, copyright_holder, notes) VALUES (98, 34, '38', 'Image', 'demo', 'https://cdn.example.org/image/media_5mztw5hxx2.jpg', '2013-08-15', 'Brown, Smith and Chavez', 'Exhibition view');
INSERT INTO media_files (media_id, artwork_id, artist_id, media_type, title, file_url, captured_date, copyright_holder, notes) VALUES (99, 102, '54', 'Doc', 'press image', 'https://cdn.example.org/doc/media_jl9fono16f.pdf', '2025-08-02', 'Courtney Mcfarland', 'Pre-loan report');
INSERT INTO media_files (media_id, artwork_id, artist_id, media_type, title, file_url, captured_date, copyright_holder, notes) VALUES (100, NULL, '18', 'Video', 'install view', 'https://cdn.example.org/video/media_m6gjwsk5dd.mp4', '2025-04-13', 'Artist', 'Short demo clip');
INSERT INTO media_files (media_id, artwork_id, artist_id, media_type, title, file_url, captured_date, copyright_holder, notes) VALUES (101, NULL, '22', 'Image', 'front', 'https://cdn.example.org/image/media_7hqb7k0e2h.jpg', '2012-06-05', 'Nordic Art Museum', 'Pre-loan report');
INSERT INTO media_files (media_id, artwork_id, artist_id, media_type, title, file_url, captured_date, copyright_holder, notes) VALUES (102, 25, '28', 'Doc', 'framed', 'https://cdn.example.org/doc/media_iokzgtrcox.pdf', '2010-04-20', 'Gallery Aurora', '');
INSERT INTO media_files (media_id, artwork_id, artist_id, media_type, title, file_url, captured_date, copyright_holder, notes) VALUES (103, 158, '14', 'Image', 'back', 'https://cdn.example.org/image/media_mp90y5jh1r.jpg', '2015-03-11', 'Artemis Collection Trust', 'Macro texture');
INSERT INTO media_files (media_id, artwork_id, artist_id, media_type, title, file_url, captured_date, copyright_holder, notes) VALUES (104, 50, '59', 'Image', 'demo', 'https://cdn.example.org/image/media_k4mw7rhd1a.jpg', '2013-03-19', 'Estate', '');
INSERT INTO media_files (media_id, artwork_id, artist_id, media_type, title, file_url, captured_date, copyright_holder, notes) VALUES (105, 118, '38', 'Video', 'install view', 'https://cdn.example.org/video/media_q0etpcwun8.mp4', '2012-06-26', 'Norris-Lamb', 'Pre-loan report');
INSERT INTO media_files (media_id, artwork_id, artist_id, media_type, title, file_url, captured_date, copyright_holder, notes) VALUES (106, 58, '69', 'Doc', 'press image', 'https://cdn.example.org/doc/media_96qoakahn3.pdf', '2018-07-18', 'Fuller Group', 'Pre-loan report');
INSERT INTO media_files (media_id, artwork_id, artist_id, media_type, title, file_url, captured_date, copyright_holder, notes) VALUES (107, NULL, '53', 'Image', 'press image', 'https://cdn.example.org/image/media_wo9ftx2gh0.jpg', '2010-03-15', 'Artemis Collection Trust', 'Archival scan');
INSERT INTO media_files (media_id, artwork_id, artist_id, media_type, title, file_url, captured_date, copyright_holder, notes) VALUES (108, 88, '28', 'Video', 'press image', 'https://cdn.example.org/video/media_9rr92q95d7.mp4', '2016-10-13', 'Hudson, Fernandez and Spencer', 'Macro texture');
INSERT INTO media_files (media_id, artwork_id, artist_id, media_type, title, file_url, captured_date, copyright_holder, notes) VALUES (109, 67, '57', 'Image', 'press image', 'https://cdn.example.org/image/media_w1qkyp9840.jpg', '2011-03-03', 'Artemis Collection Trust', 'Certificate PDF');
INSERT INTO media_files (media_id, artwork_id, artist_id, media_type, title, file_url, captured_date, copyright_holder, notes) VALUES (110, 177, '35', 'Video', 'back', 'https://cdn.example.org/video/media_tarf4fb44t.mp4', '2025-07-12', 'Estate', 'Pre-loan report');
INSERT INTO media_files (media_id, artwork_id, artist_id, media_type, title, file_url, captured_date, copyright_holder, notes) VALUES (111, NULL, '48', 'Doc', 'framed', 'https://cdn.example.org/doc/media_oids5815wv.pdf', '2013-03-23', 'Nordic Art Museum', 'Archival scan');
INSERT INTO media_files (media_id, artwork_id, artist_id, media_type, title, file_url, captured_date, copyright_holder, notes) VALUES (112, 123, '58', 'Doc', 'detail', 'https://cdn.example.org/doc/media_vr4nxr190o.pdf', '2011-06-23', 'Snyder-Bell', 'Macro texture');
INSERT INTO media_files (media_id, artwork_id, artist_id, media_type, title, file_url, captured_date, copyright_holder, notes) VALUES (113, NULL, '75', 'Video', 'install view', 'https://cdn.example.org/video/media_llsa7ho4lx.mp4', '2011-03-23', 'Howard, Cohen and Walker', 'Macro texture');
INSERT INTO media_files (media_id, artwork_id, artist_id, media_type, title, file_url, captured_date, copyright_holder, notes) VALUES (114, NULL, '23', 'Video', 'front', 'https://cdn.example.org/video/media_c20ottuwli.mp4', '2012-10-05', 'Kelly Robinson', 'Short demo clip');
INSERT INTO media_files (media_id, artwork_id, artist_id, media_type, title, file_url, captured_date, copyright_holder, notes) VALUES (115, NULL, '25', 'Doc', 'front', 'https://cdn.example.org/doc/media_igfeniz9qq.pdf', '2012-06-08', 'Estate', 'Exhibition view');
INSERT INTO media_files (media_id, artwork_id, artist_id, media_type, title, file_url, captured_date, copyright_holder, notes) VALUES (116, NULL, '29', 'Image', 'back', 'https://cdn.example.org/image/media_14y962gsmj.jpg', '2018-03-18', 'Gregory Gilbert', 'Certificate PDF');
INSERT INTO media_files (media_id, artwork_id, artist_id, media_type, title, file_url, captured_date, copyright_holder, notes) VALUES (117, NULL, '5', 'Video', 'front', 'https://cdn.example.org/video/media_72p5agcz65.mp4', '2024-02-25', 'Nordic Art Museum', 'Short demo clip');
INSERT INTO media_files (media_id, artwork_id, artist_id, media_type, title, file_url, captured_date, copyright_holder, notes) VALUES (118, NULL, '3', 'Video', 'demo', 'https://cdn.example.org/video/media_f0ra1xuuvb.mp4', '2018-11-30', 'Artemis Collection Trust', 'Macro texture');
INSERT INTO media_files (media_id, artwork_id, artist_id, media_type, title, file_url, captured_date, copyright_holder, notes) VALUES (119, 164, '53', 'Video', 'front', 'https://cdn.example.org/video/media_9q6naamojg.mp4', '2012-11-06', 'Artemis Collection Trust', 'Archival scan');
INSERT INTO media_files (media_id, artwork_id, artist_id, media_type, title, file_url, captured_date, copyright_holder, notes) VALUES (120, 143, '6', 'Video', 'framed', 'https://cdn.example.org/video/media_1ka3ace7sc.mp4', '2025-07-30', 'Gallery Aurora', 'Pre-loan report');
INSERT INTO media_files (media_id, artwork_id, artist_id, media_type, title, file_url, captured_date, copyright_holder, notes) VALUES (121, 128, '35', 'Video', 'press image', 'https://cdn.example.org/video/media_rzzkptqd4y.mp4', '2014-08-25', 'Artemis Collection Trust', 'Short demo clip');
INSERT INTO media_files (media_id, artwork_id, artist_id, media_type, title, file_url, captured_date, copyright_holder, notes) VALUES (122, 139, '71', 'Doc', 'press image', 'https://cdn.example.org/doc/media_7aenam467a.pdf', '2010-01-13', 'Artemis Collection Trust', 'Macro texture');
INSERT INTO media_files (media_id, artwork_id, artist_id, media_type, title, file_url, captured_date, copyright_holder, notes) VALUES (123, 56, '70', 'Video', 'press image', 'https://cdn.example.org/video/media_87i0o0hiap.mp4', '2010-04-25', 'Roberts, Khan and Vance', 'Macro texture');
INSERT INTO media_files (media_id, artwork_id, artist_id, media_type, title, file_url, captured_date, copyright_holder, notes) VALUES (124, 160, '41', 'Video', 'condition report', 'https://cdn.example.org/video/media_dlrma1merk.mp4', '2021-08-10', 'Neal and Sons', 'Pre-loan report');
INSERT INTO media_files (media_id, artwork_id, artist_id, media_type, title, file_url, captured_date, copyright_holder, notes) VALUES (125, 174, '37', 'Doc', 'framed', 'https://cdn.example.org/doc/media_ff3qtd6xp3.pdf', '2018-04-26', 'Artemis Collection Trust', 'Archival scan');
INSERT INTO media_files (media_id, artwork_id, artist_id, media_type, title, file_url, captured_date, copyright_holder, notes) VALUES (126, NULL, '34', 'Video', 'press image', 'https://cdn.example.org/video/media_4ptxkdqvkk.mp4', '2016-07-17', 'Jay Parrish', 'Macro texture');
INSERT INTO media_files (media_id, artwork_id, artist_id, media_type, title, file_url, captured_date, copyright_holder, notes) VALUES (127, 126, '59', 'Doc', 'demo', 'https://cdn.example.org/doc/media_2izmk8dkrd.pdf', '2017-09-08', 'Nordic Art Museum', 'Pre-loan report');
INSERT INTO media_files (media_id, artwork_id, artist_id, media_type, title, file_url, captured_date, copyright_holder, notes) VALUES (128, 72, '79', 'Doc', 'framed', 'https://cdn.example.org/doc/media_af7qdosq1z.pdf', '2017-05-04', 'Estate', 'Certificate PDF');
INSERT INTO media_files (media_id, artwork_id, artist_id, media_type, title, file_url, captured_date, copyright_holder, notes) VALUES (129, 93, '49', 'Image', 'back', 'https://cdn.example.org/image/media_hfsorqhe2i.jpg', '2014-09-14', 'Nordic Art Museum', 'Pre-loan report');
INSERT INTO media_files (media_id, artwork_id, artist_id, media_type, title, file_url, captured_date, copyright_holder, notes) VALUES (130, 9, '56', 'Image', 'front', 'https://cdn.example.org/image/media_gbdbjk120g.jpg', '2010-04-19', 'Artist', 'Archival scan');
INSERT INTO media_files (media_id, artwork_id, artist_id, media_type, title, file_url, captured_date, copyright_holder, notes) VALUES (131, NULL, '39', 'Video', 'detail', 'https://cdn.example.org/video/media_fz32gx98dl.mp4', '2021-04-17', 'Nordic Art Museum', 'Macro texture');
INSERT INTO media_files (media_id, artwork_id, artist_id, media_type, title, file_url, captured_date, copyright_holder, notes) VALUES (132, 173, '56', 'Video', 'press image', 'https://cdn.example.org/video/media_cuo2taa1v1.mp4', '2018-01-25', 'Artemis Collection Trust', 'Certificate PDF');
INSERT INTO media_files (media_id, artwork_id, artist_id, media_type, title, file_url, captured_date, copyright_holder, notes) VALUES (133, NULL, '56', 'Doc', 'detail', 'https://cdn.example.org/doc/media_816y9wrha8.pdf', '2013-01-19', 'Gallery Aurora', 'Archival scan');
INSERT INTO media_files (media_id, artwork_id, artist_id, media_type, title, file_url, captured_date, copyright_holder, notes) VALUES (134, 123, '58', 'Video', 'framed', 'https://cdn.example.org/video/media_kdjezkh8l9.mp4', '2021-12-08', 'Artemis Collection Trust', 'Pre-loan report');
INSERT INTO media_files (media_id, artwork_id, artist_id, media_type, title, file_url, captured_date, copyright_holder, notes) VALUES (135, NULL, '37', 'Video', 'demo', 'https://cdn.example.org/video/media_5p77v6fixh.mp4', '2018-11-15', 'Nordic Art Museum', 'Certificate PDF');
INSERT INTO media_files (media_id, artwork_id, artist_id, media_type, title, file_url, captured_date, copyright_holder, notes) VALUES (136, 78, '75', 'Video', 'press image', 'https://cdn.example.org/video/media_bieiy0ths4.mp4', '2012-03-22', 'Thomas LLC', 'Exhibition view');
INSERT INTO media_files (media_id, artwork_id, artist_id, media_type, title, file_url, captured_date, copyright_holder, notes) VALUES (137, 64, '26', 'Image', 'demo', 'https://cdn.example.org/image/media_grs1zm4rv0.jpg', '2022-03-31', 'Nordic Art Museum', 'Exhibition view');
INSERT INTO media_files (media_id, artwork_id, artist_id, media_type, title, file_url, captured_date, copyright_holder, notes) VALUES (138, 175, '53', 'Doc', 'demo', 'https://cdn.example.org/doc/media_r9q2o3qhuk.pdf', '2016-12-31', 'Nordic Art Museum', '');
INSERT INTO media_files (media_id, artwork_id, artist_id, media_type, title, file_url, captured_date, copyright_holder, notes) VALUES (139, NULL, '4', 'Image', 'condition report', 'https://cdn.example.org/image/media_4660b8asjs.jpg', '2010-01-10', 'Nordic Art Museum', 'Archival scan');
INSERT INTO media_files (media_id, artwork_id, artist_id, media_type, title, file_url, captured_date, copyright_holder, notes) VALUES (140, 93, '49', 'Doc', 'condition report', 'https://cdn.example.org/doc/media_2e82i7l4sl.pdf', '2012-02-04', 'Estate', 'Exhibition view');
INSERT INTO media_files (media_id, artwork_id, artist_id, media_type, title, file_url, captured_date, copyright_holder, notes) VALUES (141, 107, '80', 'Image', 'framed', 'https://cdn.example.org/image/media_dev4ikm5iw.jpg', '2012-04-25', 'Estate', '');
INSERT INTO media_files (media_id, artwork_id, artist_id, media_type, title, file_url, captured_date, copyright_holder, notes) VALUES (142, 102, '54', 'Video', 'framed', 'https://cdn.example.org/video/media_k0bv6z40rv.mp4', '2011-03-22', 'Julie Ingram', 'Certificate PDF');
INSERT INTO media_files (media_id, artwork_id, artist_id, media_type, title, file_url, captured_date, copyright_holder, notes) VALUES (143, NULL, '20', 'Doc', 'back', 'https://cdn.example.org/doc/media_u9gj6thryi.pdf', '2025-12-13', 'Alvarado Ltd', 'Certificate PDF');
INSERT INTO media_files (media_id, artwork_id, artist_id, media_type, title, file_url, captured_date, copyright_holder, notes) VALUES (144, 152, '65', 'Video', 'press image', 'https://cdn.example.org/video/media_veaa4od1eg.mp4', '2018-06-24', 'Estate', 'Short demo clip');
INSERT INTO media_files (media_id, artwork_id, artist_id, media_type, title, file_url, captured_date, copyright_holder, notes) VALUES (145, 52, '36', 'Image', 'framed', 'https://cdn.example.org/image/media_uv6eomxwie.jpg', '2010-12-15', 'Smith Inc', 'Short demo clip');
INSERT INTO media_files (media_id, artwork_id, artist_id, media_type, title, file_url, captured_date, copyright_holder, notes) VALUES (146, 51, '14', 'Video', 'condition report', 'https://cdn.example.org/video/media_su9cm0l3x6.mp4', '2012-06-13', 'Nordic Art Museum', '');
INSERT INTO media_files (media_id, artwork_id, artist_id, media_type, title, file_url, captured_date, copyright_holder, notes) VALUES (147, NULL, '18', 'Image', 'detail', 'https://cdn.example.org/image/media_xgca1nmdnq.jpg', '2024-03-17', 'Lewis Group', 'Archival scan');
INSERT INTO media_files (media_id, artwork_id, artist_id, media_type, title, file_url, captured_date, copyright_holder, notes) VALUES (148, NULL, '38', 'Doc', 'front', 'https://cdn.example.org/doc/media_fp1edx5906.pdf', '2016-12-22', 'Matthew Black', '');
INSERT INTO media_files (media_id, artwork_id, artist_id, media_type, title, file_url, captured_date, copyright_holder, notes) VALUES (149, NULL, '64', 'Image', 'framed', 'https://cdn.example.org/image/media_to1rl34xpb.jpg', '2017-07-17', 'Estate', 'Archival scan');
INSERT INTO media_files (media_id, artwork_id, artist_id, media_type, title, file_url, captured_date, copyright_holder, notes) VALUES (150, 2, '49', 'Image', 'detail', 'https://cdn.example.org/image/media_ksyn3yg0mu.jpg', '2013-11-25', 'Estate', 'Macro texture');
INSERT INTO media_files (media_id, artwork_id, artist_id, media_type, title, file_url, captured_date, copyright_holder, notes) VALUES (151, NULL, '23', 'Image', 'demo', 'https://cdn.example.org/image/media_d7ecl92s8x.jpg', '2010-08-01', 'Artemis Collection Trust', 'Pre-loan report');
INSERT INTO media_files (media_id, artwork_id, artist_id, media_type, title, file_url, captured_date, copyright_holder, notes) VALUES (152, 175, '53', 'Doc', 'framed', 'https://cdn.example.org/doc/media_d10njywhn6.pdf', '2015-02-25', 'Estate', 'Certificate PDF');
INSERT INTO media_files (media_id, artwork_id, artist_id, media_type, title, file_url, captured_date, copyright_holder, notes) VALUES (153, 149, '28', 'Doc', 'condition report', 'https://cdn.example.org/doc/media_sechmsult3.pdf', '2013-04-23', 'Davis Group', '');
INSERT INTO media_files (media_id, artwork_id, artist_id, media_type, title, file_url, captured_date, copyright_holder, notes) VALUES (154, NULL, '12', 'Image', 'detail', 'https://cdn.example.org/image/media_a383hqnq4v.jpg', '2022-11-12', 'Thomas, James and Houston', 'Certificate PDF');
INSERT INTO media_files (media_id, artwork_id, artist_id, media_type, title, file_url, captured_date, copyright_holder, notes) VALUES (155, NULL, '18', 'Video', 'framed', 'https://cdn.example.org/video/media_el9t1v4zgx.mp4', '2023-06-30', 'Gallery Aurora', 'Macro texture');
INSERT INTO media_files (media_id, artwork_id, artist_id, media_type, title, file_url, captured_date, copyright_holder, notes) VALUES (156, 10, '49', 'Image', 'back', 'https://cdn.example.org/image/media_eiy6m7i9hd.jpg', '2016-04-01', 'Gallery Aurora', 'Certificate PDF');
INSERT INTO media_files (media_id, artwork_id, artist_id, media_type, title, file_url, captured_date, copyright_holder, notes) VALUES (157, NULL, '72', 'Doc', 'install view', 'https://cdn.example.org/doc/media_ft5enyjsma.pdf', '2023-08-23', 'Artemis Collection Trust', 'Pre-loan report');
INSERT INTO media_files (media_id, artwork_id, artist_id, media_type, title, file_url, captured_date, copyright_holder, notes) VALUES (158, 17, '74', 'Doc', 'detail', 'https://cdn.example.org/doc/media_tneeca3dwc.pdf', '2012-04-01', 'Artist', 'Archival scan');
INSERT INTO media_files (media_id, artwork_id, artist_id, media_type, title, file_url, captured_date, copyright_holder, notes) VALUES (159, 37, '53', 'Image', 'detail', 'https://cdn.example.org/image/media_prnnckdbti.jpg', '2012-02-21', 'Artist', 'Certificate PDF');
INSERT INTO media_files (media_id, artwork_id, artist_id, media_type, title, file_url, captured_date, copyright_holder, notes) VALUES (160, 173, '56', 'Image', 'press image', 'https://cdn.example.org/image/media_77smk3f41a.jpg', '2013-07-10', 'Colon-Weiss', '');
INSERT INTO media_files (media_id, artwork_id, artist_id, media_type, title, file_url, captured_date, copyright_holder, notes) VALUES (161, 133, '58', 'Image', 'demo', 'https://cdn.example.org/image/media_18j9jspsa3.jpg', '2025-05-28', 'Nordic Art Museum', 'Pre-loan report');
INSERT INTO media_files (media_id, artwork_id, artist_id, media_type, title, file_url, captured_date, copyright_holder, notes) VALUES (162, 62, '54', 'Video', 'framed', 'https://cdn.example.org/video/media_cjcl6yovvc.mp4', '2019-10-23', 'Nordic Art Museum', 'Macro texture');
INSERT INTO media_files (media_id, artwork_id, artist_id, media_type, title, file_url, captured_date, copyright_holder, notes) VALUES (163, 142, '61', 'Image', 'front', 'https://cdn.example.org/image/media_b0ec0e43q1.jpg', '2021-09-24', 'Artemis Collection Trust', 'Macro texture');
INSERT INTO media_files (media_id, artwork_id, artist_id, media_type, title, file_url, captured_date, copyright_holder, notes) VALUES (164, 15, '15', 'Video', 'back', 'https://cdn.example.org/video/media_eydlqlfyr3.mp4', '2012-08-02', 'Nordic Art Museum', 'Pre-loan report');
INSERT INTO media_files (media_id, artwork_id, artist_id, media_type, title, file_url, captured_date, copyright_holder, notes) VALUES (165, 168, '48', 'Video', 'demo', 'https://cdn.example.org/video/media_givjdyq8ju.mp4', '2015-10-07', 'Janice Hernandez', 'Archival scan');
INSERT INTO media_files (media_id, artwork_id, artist_id, media_type, title, file_url, captured_date, copyright_holder, notes) VALUES (166, 37, '53', 'Doc', 'install view', 'https://cdn.example.org/doc/media_0g2nloo7iq.pdf', '2025-02-14', 'Nordic Art Museum', 'Pre-loan report');
INSERT INTO media_files (media_id, artwork_id, artist_id, media_type, title, file_url, captured_date, copyright_holder, notes) VALUES (167, 24, '5', 'Image', 'condition report', 'https://cdn.example.org/image/media_wqraa2wrtv.jpg', '2015-02-11', 'Frank Johnston', 'Exhibition view');
INSERT INTO media_files (media_id, artwork_id, artist_id, media_type, title, file_url, captured_date, copyright_holder, notes) VALUES (168, NULL, '45', 'Image', 'condition report', 'https://cdn.example.org/image/media_eqaogazwz2.jpg', '2014-10-30', 'Harris, Clark and Carroll', 'Pre-loan report');
INSERT INTO media_files (media_id, artwork_id, artist_id, media_type, title, file_url, captured_date, copyright_holder, notes) VALUES (169, NULL, '6', 'Video', 'back', 'https://cdn.example.org/video/media_2boh09bmpe.mp4', '2012-08-07', 'Artemis Collection Trust', 'Exhibition view');
INSERT INTO media_files (media_id, artwork_id, artist_id, media_type, title, file_url, captured_date, copyright_holder, notes) VALUES (170, 178, '33', 'Image', 'press image', 'https://cdn.example.org/image/media_eb2xsv786t.jpg', '2011-11-06', 'Artist', 'Macro texture');
INSERT INTO media_files (media_id, artwork_id, artist_id, media_type, title, file_url, captured_date, copyright_holder, notes) VALUES (171, 80, '61', 'Doc', 'press image', 'https://cdn.example.org/doc/media_cs0q69fvw7.pdf', '2014-09-30', 'King-Brown', 'Archival scan');
INSERT INTO media_files (media_id, artwork_id, artist_id, media_type, title, file_url, captured_date, copyright_holder, notes) VALUES (172, NULL, '9', 'Video', 'install view', 'https://cdn.example.org/video/media_dwpm0esawi.mp4', '2013-07-27', 'Miller, Warren and Marks', 'Macro texture');
INSERT INTO media_files (media_id, artwork_id, artist_id, media_type, title, file_url, captured_date, copyright_holder, notes) VALUES (173, 78, '75', 'Doc', 'framed', 'https://cdn.example.org/doc/media_cr0gog5uw4.pdf', '2020-12-08', 'Artemis Collection Trust', 'Archival scan');
INSERT INTO media_files (media_id, artwork_id, artist_id, media_type, title, file_url, captured_date, copyright_holder, notes) VALUES (174, 175, '53', 'Video', 'detail', 'https://cdn.example.org/video/media_tgj90lx3x6.mp4', '2015-04-05', 'Estate', 'Pre-loan report');
INSERT INTO media_files (media_id, artwork_id, artist_id, media_type, title, file_url, captured_date, copyright_holder, notes) VALUES (175, NULL, '4', 'Video', 'condition report', 'https://cdn.example.org/video/media_7cqy7btoxb.mp4', '2015-11-25', 'Gallery Aurora', '');
INSERT INTO media_files (media_id, artwork_id, artist_id, media_type, title, file_url, captured_date, copyright_holder, notes) VALUES (176, NULL, '17', 'Doc', 'demo', 'https://cdn.example.org/doc/media_564901cfwg.pdf', '2013-11-10', 'Artemis Collection Trust', 'Exhibition view');
INSERT INTO media_files (media_id, artwork_id, artist_id, media_type, title, file_url, captured_date, copyright_holder, notes) VALUES (177, NULL, '49', 'Video', 'condition report', 'https://cdn.example.org/video/media_o8bxjtyzbc.mp4', '2010-12-26', 'Nordic Art Museum', 'Archival scan');
INSERT INTO media_files (media_id, artwork_id, artist_id, media_type, title, file_url, captured_date, copyright_holder, notes) VALUES (178, NULL, '57', 'Video', 'back', 'https://cdn.example.org/video/media_ytzu8n622w.mp4', '2024-10-01', 'Artemis Collection Trust', '');
INSERT INTO media_files (media_id, artwork_id, artist_id, media_type, title, file_url, captured_date, copyright_holder, notes) VALUES (179, 109, '16', 'Image', 'framed', 'https://cdn.example.org/image/media_lrtnragiza.jpg', '2015-12-08', 'Henderson-Hicks', 'Exhibition view');
INSERT INTO media_files (media_id, artwork_id, artist_id, media_type, title, file_url, captured_date, copyright_holder, notes) VALUES (180, 146, '11', 'Image', 'demo', 'https://cdn.example.org/image/media_8uw65risqz.jpg', '2012-08-26', 'Artist', '');
INSERT INTO media_files (media_id, artwork_id, artist_id, media_type, title, file_url, captured_date, copyright_holder, notes) VALUES (181, 16, '50', 'Doc', 'press image', 'https://cdn.example.org/doc/media_jr7wxs8aoi.pdf', '2025-06-16', 'Donaldson Group', 'Certificate PDF');
INSERT INTO media_files (media_id, artwork_id, artist_id, media_type, title, file_url, captured_date, copyright_holder, notes) VALUES (182, 103, '74', 'Doc', 'detail', 'https://cdn.example.org/doc/media_4xpu677p3f.pdf', '2022-11-27', 'Artemis Collection Trust', 'Short demo clip');
INSERT INTO media_files (media_id, artwork_id, artist_id, media_type, title, file_url, captured_date, copyright_holder, notes) VALUES (183, NULL, '25', 'Image', 'press image', 'https://cdn.example.org/image/media_63e1ekek6o.jpg', '2025-06-02', 'Amy Walker', 'Pre-loan report');
INSERT INTO media_files (media_id, artwork_id, artist_id, media_type, title, file_url, captured_date, copyright_holder, notes) VALUES (184, 10, '49', 'Image', 'front', 'https://cdn.example.org/image/media_bqc12nh95y.jpg', '2011-04-18', 'Gallery Aurora', '');
INSERT INTO media_files (media_id, artwork_id, artist_id, media_type, title, file_url, captured_date, copyright_holder, notes) VALUES (185, NULL, '42', 'Doc', 'demo', 'https://cdn.example.org/doc/media_wmoxsg6mat.pdf', '2018-07-21', 'Nordic Art Museum', 'Pre-loan report');
INSERT INTO media_files (media_id, artwork_id, artist_id, media_type, title, file_url, captured_date, copyright_holder, notes) VALUES (186, 100, '52', 'Video', 'condition report', 'https://cdn.example.org/video/media_u9glvj62xb.mp4', '2023-03-26', 'Gallery Aurora', 'Macro texture');
INSERT INTO media_files (media_id, artwork_id, artist_id, media_type, title, file_url, captured_date, copyright_holder, notes) VALUES (187, 62, '54', 'Doc', 'install view', 'https://cdn.example.org/doc/media_765n65tre3.pdf', '2020-12-02', 'Nordic Art Museum', 'Pre-loan report');
INSERT INTO media_files (media_id, artwork_id, artist_id, media_type, title, file_url, captured_date, copyright_holder, notes) VALUES (188, 12, '60', 'Image', 'detail', 'https://cdn.example.org/image/media_bugvfuhsfu.jpg', '2018-06-22', 'Artemis Collection Trust', 'Short demo clip');
INSERT INTO media_files (media_id, artwork_id, artist_id, media_type, title, file_url, captured_date, copyright_holder, notes) VALUES (189, 151, '59', 'Doc', 'install view', 'https://cdn.example.org/doc/media_12tlwsa79x.pdf', '2015-10-12', 'Nordic Art Museum', '');
INSERT INTO media_files (media_id, artwork_id, artist_id, media_type, title, file_url, captured_date, copyright_holder, notes) VALUES (190, 178, '33', 'Image', 'back', 'https://cdn.example.org/image/media_vhjywqzdfy.jpg', '2011-02-10', 'Artemis Collection Trust', '');
INSERT INTO media_files (media_id, artwork_id, artist_id, media_type, title, file_url, captured_date, copyright_holder, notes) VALUES (191, 180, '77', 'Doc', 'back', 'https://cdn.example.org/doc/media_emht0i7l8e.pdf', '2024-01-13', 'Artemis Collection Trust', 'Pre-loan report');
INSERT INTO media_files (media_id, artwork_id, artist_id, media_type, title, file_url, captured_date, copyright_holder, notes) VALUES (192, 163, '80', 'Image', 'install view', 'https://cdn.example.org/image/media_zvvl8pnfnc.jpg', '2020-11-19', 'Artist', 'Certificate PDF');
INSERT INTO media_files (media_id, artwork_id, artist_id, media_type, title, file_url, captured_date, copyright_holder, notes) VALUES (193, 27, '52', 'Video', 'install view', 'https://cdn.example.org/video/media_wfhcs4ww24.mp4', '2013-02-05', 'Nordic Art Museum', 'Certificate PDF');
INSERT INTO media_files (media_id, artwork_id, artist_id, media_type, title, file_url, captured_date, copyright_holder, notes) VALUES (194, 111, '74', 'Image', 'framed', 'https://cdn.example.org/image/media_f7wqsgo4lt.jpg', '2021-08-31', 'Estate', 'Exhibition view');
INSERT INTO media_files (media_id, artwork_id, artist_id, media_type, title, file_url, captured_date, copyright_holder, notes) VALUES (195, 43, '63', 'Doc', 'back', 'https://cdn.example.org/doc/media_8slh5d43u1.pdf', '2012-03-24', 'Artist', 'Exhibition view');
INSERT INTO media_files (media_id, artwork_id, artist_id, media_type, title, file_url, captured_date, copyright_holder, notes) VALUES (196, 16, '50', 'Video', 'front', 'https://cdn.example.org/video/media_kcz4li1dct.mp4', '2023-02-08', 'Stacy Carlson MD', 'Certificate PDF');
INSERT INTO media_files (media_id, artwork_id, artist_id, media_type, title, file_url, captured_date, copyright_holder, notes) VALUES (197, 130, '52', 'Doc', 'front', 'https://cdn.example.org/doc/media_9w4qld8g4f.pdf', '2015-06-17', 'Nordic Art Museum', 'Pre-loan report');
INSERT INTO media_files (media_id, artwork_id, artist_id, media_type, title, file_url, captured_date, copyright_holder, notes) VALUES (198, 30, '45', 'Doc', 'detail', 'https://cdn.example.org/doc/media_n2zbnou8fi.pdf', '2018-05-06', 'Estate', 'Exhibition view');
INSERT INTO media_files (media_id, artwork_id, artist_id, media_type, title, file_url, captured_date, copyright_holder, notes) VALUES (199, 39, '28', 'Video', 'back', 'https://cdn.example.org/video/media_uad7awzpom.mp4', '2023-09-06', 'Wood Inc', '');
INSERT INTO media_files (media_id, artwork_id, artist_id, media_type, title, file_url, captured_date, copyright_holder, notes) VALUES (200, 89, '69', 'Video', 'framed', 'https://cdn.example.org/video/media_6ryg03oghj.mp4', '2025-08-18', 'Estate', 'Archival scan');
INSERT INTO media_files (media_id, artwork_id, artist_id, media_type, title, file_url, captured_date, copyright_holder, notes) VALUES (201, 164, '53', 'Video', 'framed', 'https://cdn.example.org/video/media_5p6vgjn4ia.mp4', '2013-07-15', 'Nordic Art Museum', 'Certificate PDF');
INSERT INTO media_files (media_id, artwork_id, artist_id, media_type, title, file_url, captured_date, copyright_holder, notes) VALUES (202, 1, '21', 'Video', 'condition report', 'https://cdn.example.org/video/media_54dwai9ekm.mp4', '2025-04-03', 'Adkins and Sons', 'Exhibition view');
INSERT INTO media_files (media_id, artwork_id, artist_id, media_type, title, file_url, captured_date, copyright_holder, notes) VALUES (203, 148, '77', 'Video', 'install view', 'https://cdn.example.org/video/media_73d6hl9m1o.mp4', '2024-02-17', 'Robert Garcia', '');
INSERT INTO media_files (media_id, artwork_id, artist_id, media_type, title, file_url, captured_date, copyright_holder, notes) VALUES (204, NULL, '18', 'Image', 'demo', 'https://cdn.example.org/image/media_p2rjkcogv2.jpg', '2023-02-04', 'Nordic Art Museum', 'Pre-loan report');
INSERT INTO media_files (media_id, artwork_id, artist_id, media_type, title, file_url, captured_date, copyright_holder, notes) VALUES (205, NULL, '13', 'Image', 'front', 'https://cdn.example.org/image/media_717ngxsitp.jpg', '2022-11-12', 'Stephanie Martinez', 'Pre-loan report');
INSERT INTO media_files (media_id, artwork_id, artist_id, media_type, title, file_url, captured_date, copyright_holder, notes) VALUES (206, 120, '25', 'Doc', 'back', 'https://cdn.example.org/doc/media_cv0w81z4g6.pdf', '2021-02-07', 'Artist', 'Certificate PDF');
INSERT INTO media_files (media_id, artwork_id, artist_id, media_type, title, file_url, captured_date, copyright_holder, notes) VALUES (207, 35, '33', 'Doc', 'framed', 'https://cdn.example.org/doc/media_yrjbj3u4c1.pdf', '2023-07-24', 'Dr. Andrea Newton DDS', 'Short demo clip');
INSERT INTO media_files (media_id, artwork_id, artist_id, media_type, title, file_url, captured_date, copyright_holder, notes) VALUES (208, NULL, '26', 'Video', 'press image', 'https://cdn.example.org/video/media_ede9gsb67z.mp4', '2016-10-01', 'Edwards, Barrett and Taylor', 'Short demo clip');
INSERT INTO media_files (media_id, artwork_id, artist_id, media_type, title, file_url, captured_date, copyright_holder, notes) VALUES (209, NULL, '34', 'Image', 'condition report', 'https://cdn.example.org/image/media_q9zub6e918.jpg', '2013-02-22', 'Williams Group', 'Archival scan');
INSERT INTO media_files (media_id, artwork_id, artist_id, media_type, title, file_url, captured_date, copyright_holder, notes) VALUES (210, 161, '22', 'Image', 'install view', 'https://cdn.example.org/image/media_ln868vxkt6.jpg', '2016-07-27', 'Frank Brooks', 'Exhibition view');
INSERT INTO media_files (media_id, artwork_id, artist_id, media_type, title, file_url, captured_date, copyright_holder, notes) VALUES (211, 176, '55', 'Doc', 'condition report', 'https://cdn.example.org/doc/media_a0rdnluli9.pdf', '2018-05-01', 'Romero-Solis', 'Pre-loan report');
INSERT INTO media_files (media_id, artwork_id, artist_id, media_type, title, file_url, captured_date, copyright_holder, notes) VALUES (212, NULL, '31', 'Doc', 'framed', 'https://cdn.example.org/doc/media_affhk9yzrc.pdf', '2020-06-17', 'Sandy Howard', 'Short demo clip');
INSERT INTO media_files (media_id, artwork_id, artist_id, media_type, title, file_url, captured_date, copyright_holder, notes) VALUES (213, 129, '33', 'Image', 'framed', 'https://cdn.example.org/image/media_inz7b995ge.jpg', '2011-06-06', 'Nordic Art Museum', 'Archival scan');
INSERT INTO media_files (media_id, artwork_id, artist_id, media_type, title, file_url, captured_date, copyright_holder, notes) VALUES (214, 105, '67', 'Doc', 'condition report', 'https://cdn.example.org/doc/media_gahoi50n6q.pdf', '2015-05-16', 'Nordic Art Museum', 'Short demo clip');
INSERT INTO media_files (media_id, artwork_id, artist_id, media_type, title, file_url, captured_date, copyright_holder, notes) VALUES (215, NULL, '63', 'Image', 'demo', 'https://cdn.example.org/image/media_htkazzagf7.jpg', '2011-04-15', 'Ivan Williams', 'Exhibition view');
INSERT INTO media_files (media_id, artwork_id, artist_id, media_type, title, file_url, captured_date, copyright_holder, notes) VALUES (216, 116, '79', 'Doc', 'press image', 'https://cdn.example.org/doc/media_xg8s54djvs.pdf', '2019-05-05', 'Artist', 'Macro texture');
INSERT INTO media_files (media_id, artwork_id, artist_id, media_type, title, file_url, captured_date, copyright_holder, notes) VALUES (217, 119, '78', 'Video', 'install view', 'https://cdn.example.org/video/media_rzn3rqa1e9.mp4', '2025-07-24', 'Artemis Collection Trust', 'Archival scan');
INSERT INTO media_files (media_id, artwork_id, artist_id, media_type, title, file_url, captured_date, copyright_holder, notes) VALUES (218, NULL, '16', 'Doc', 'condition report', 'https://cdn.example.org/doc/media_skp424psbi.pdf', '2018-02-26', 'Nordic Art Museum', 'Macro texture');
INSERT INTO media_files (media_id, artwork_id, artist_id, media_type, title, file_url, captured_date, copyright_holder, notes) VALUES (219, 96, '17', 'Video', 'back', 'https://cdn.example.org/video/media_4a45ioq2h4.mp4', '2011-12-12', 'Nordic Art Museum', 'Exhibition view');
INSERT INTO media_files (media_id, artwork_id, artist_id, media_type, title, file_url, captured_date, copyright_holder, notes) VALUES (220, 79, '59', 'Doc', 'back', 'https://cdn.example.org/doc/media_0t3taksfwa.pdf', '2010-09-02', 'Derek Medina', 'Macro texture');
INSERT INTO media_files (media_id, artwork_id, artist_id, media_type, title, file_url, captured_date, copyright_holder, notes) VALUES (221, 71, '65', 'Video', 'detail', 'https://cdn.example.org/video/media_hio8vf52by.mp4', '2020-03-18', 'Edwin Campbell', 'Short demo clip');
INSERT INTO media_files (media_id, artwork_id, artist_id, media_type, title, file_url, captured_date, copyright_holder, notes) VALUES (222, 104, '8', 'Doc', 'demo', 'https://cdn.example.org/doc/media_b2s11ctfq0.pdf', '2010-09-18', 'Shaun Murray', 'Archival scan');
INSERT INTO media_files (media_id, artwork_id, artist_id, media_type, title, file_url, captured_date, copyright_holder, notes) VALUES (223, NULL, '2', 'Video', 'demo', 'https://cdn.example.org/video/media_qlthpl1s76.mp4', '2020-06-27', 'Estate', 'Pre-loan report');
INSERT INTO media_files (media_id, artwork_id, artist_id, media_type, title, file_url, captured_date, copyright_holder, notes) VALUES (224, NULL, '1', 'Video', 'back', 'https://cdn.example.org/video/media_gybk3d8pgf.mp4', '2018-02-24', 'Wendy Taylor', 'Short demo clip');
INSERT INTO media_files (media_id, artwork_id, artist_id, media_type, title, file_url, captured_date, copyright_holder, notes) VALUES (225, 97, '57', 'Image', 'front', 'https://cdn.example.org/image/media_v8c24dkt5g.jpg', '2025-12-15', 'Gallery Aurora', 'Archival scan');
INSERT INTO media_files (media_id, artwork_id, artist_id, media_type, title, file_url, captured_date, copyright_holder, notes) VALUES (226, 136, '14', 'Image', 'condition report', 'https://cdn.example.org/image/media_0e338ec5bq.jpg', '2023-05-21', 'Estate', 'Certificate PDF');
INSERT INTO media_files (media_id, artwork_id, artist_id, media_type, title, file_url, captured_date, copyright_holder, notes) VALUES (227, NULL, '48', 'Image', 'press image', 'https://cdn.example.org/image/media_ymkicw8fp1.jpg', '2019-12-19', 'Nordic Art Museum', 'Certificate PDF');
INSERT INTO media_files (media_id, artwork_id, artist_id, media_type, title, file_url, captured_date, copyright_holder, notes) VALUES (228, 124, '16', 'Doc', 'detail', 'https://cdn.example.org/doc/media_axe1oc647b.pdf', '2010-12-31', 'Estate', 'Macro texture');
INSERT INTO media_files (media_id, artwork_id, artist_id, media_type, title, file_url, captured_date, copyright_holder, notes) VALUES (229, 1, '21', 'Image', 'front', 'https://cdn.example.org/image/media_oobi2lkp4m.jpg', '2014-07-30', 'Estate', 'Exhibition view');
INSERT INTO media_files (media_id, artwork_id, artist_id, media_type, title, file_url, captured_date, copyright_holder, notes) VALUES (230, NULL, '51', 'Image', 'demo', 'https://cdn.example.org/image/media_qygvaf2x1z.jpg', '2021-01-28', 'Artist', 'Exhibition view');
INSERT INTO media_files (media_id, artwork_id, artist_id, media_type, title, file_url, captured_date, copyright_holder, notes) VALUES (231, NULL, '71', 'Video', 'back', 'https://cdn.example.org/video/media_de8j6r5bdg.mp4', '2022-09-09', 'Nordic Art Museum', 'Archival scan');
INSERT INTO media_files (media_id, artwork_id, artist_id, media_type, title, file_url, captured_date, copyright_holder, notes) VALUES (232, 85, '12', 'Video', 'press image', 'https://cdn.example.org/video/media_zk83nlfee0.mp4', '2013-11-08', 'Estate', '');
INSERT INTO media_files (media_id, artwork_id, artist_id, media_type, title, file_url, captured_date, copyright_holder, notes) VALUES (233, NULL, '40', 'Image', 'detail', 'https://cdn.example.org/image/media_ed8i4p15hx.jpg', '2015-02-17', 'Estate', 'Pre-loan report');
INSERT INTO media_files (media_id, artwork_id, artist_id, media_type, title, file_url, captured_date, copyright_holder, notes) VALUES (234, 11, '16', 'Video', 'framed', 'https://cdn.example.org/video/media_aebycml3m7.mp4', '2020-03-31', 'Nordic Art Museum', 'Short demo clip');
INSERT INTO media_files (media_id, artwork_id, artist_id, media_type, title, file_url, captured_date, copyright_holder, notes) VALUES (235, NULL, '11', 'Doc', 'install view', 'https://cdn.example.org/doc/media_qc2rgn8r8w.pdf', '2025-09-13', 'Brian Stevens', '');
INSERT INTO media_files (media_id, artwork_id, artist_id, media_type, title, file_url, captured_date, copyright_holder, notes) VALUES (236, 158, '14', 'Image', 'back', 'https://cdn.example.org/image/media_c3c4vm7t10.jpg', '2022-03-18', 'Nordic Art Museum', 'Macro texture');
INSERT INTO media_files (media_id, artwork_id, artist_id, media_type, title, file_url, captured_date, copyright_holder, notes) VALUES (237, 157, '53', 'Doc', 'detail', 'https://cdn.example.org/doc/media_envrl5vxw8.pdf', '2011-08-23', 'Castro-Charles', '');
INSERT INTO media_files (media_id, artwork_id, artist_id, media_type, title, file_url, captured_date, copyright_holder, notes) VALUES (238, 131, '69', 'Image', 'framed', 'https://cdn.example.org/image/media_m9859ic50d.jpg', '2014-09-16', 'Dennis Ware', '');
INSERT INTO media_files (media_id, artwork_id, artist_id, media_type, title, file_url, captured_date, copyright_holder, notes) VALUES (239, 112, '10', 'Image', 'framed', 'https://cdn.example.org/image/media_1rt5a9vlmn.jpg', '2019-07-04', 'Jesse Moon', 'Short demo clip');
INSERT INTO media_files (media_id, artwork_id, artist_id, media_type, title, file_url, captured_date, copyright_holder, notes) VALUES (240, 157, '53', 'Image', 'demo', 'https://cdn.example.org/image/media_0397t02shf.jpg', '2013-07-05', 'Gallery Aurora', 'Archival scan');

COMMIT;